"日期","收盘","开盘","高","低","交易量","涨跌幅"
"2021-7-30","0.003400","0.003460","0.003700","0.003220","162.59K","-1.73%"
"2021-7-29","0.003460","0.003670","0.003740","0.003420","178.30K","-5.72%"
"2021-7-28","0.003670","0.003600","0.004200","0.003480","274.39K","1.66%"
"2021-7-27","0.003610","0.003690","0.003960","0.003150","274.79K","-1.90%"
"2021-7-26","0.003680","0.002990","0.004410","0.002950","461.71K","23.08%"
"2021-7-25","0.002990","0.002990","0.003040","0.002920","183.04K","-3.55%"
"2021-7-24","0.003100","0.002810","0.003610","0.002750","181.90K","10.32%"
"2021-7-23","0.002810","0.002890","0.002890","0.002770","79.89K","-2.43%"
"2021-7-22","0.002880","0.002840","0.002910","0.002780","85.86K","1.41%"
"2021-7-21","0.002840","0.002890","0.003060","0.002780","119.92K","-2.41%"
"2021-7-20","0.002910","0.003130","0.003130","0.002760","113.45K","-7.03%"
"2021-7-19","0.003130","0.003260","0.003270","0.003040","69.94K","-3.99%"
"2021-7-18","0.003260","0.003220","0.003330","0.003090","74.02K","1.24%"
"2021-7-17","0.003220","0.003330","0.003530","0.003130","88.29K","-3.30%"
"2021-7-16","0.003330","0.003630","0.003630","0.003320","56.74K","-8.01%"
"2021-7-15","0.003620","0.003730","0.003930","0.003510","65.67K","-2.95%"
"2021-7-14","0.003730","0.004700","0.004700","0.003710","174.29K","-19.78%"
"2021-7-13","0.004650","0.003100","0.004660","0.003010","292.43K","50.00%"
"2021-7-12","0.003100","0.002830","0.003100","0.002790","80.88K","9.93%"
"2021-7-11","0.002820","0.002740","0.002940","0.002700","66.85K","2.92%"
"2021-7-10","0.002740","0.002770","0.002830","0.002690","49.68K","-0.72%"
"2021-7-9","0.002760","0.002810","0.002810","0.002630","83.12K","-1.78%"
"2021-7-8","0.002810","0.002770","0.002810","0.002600","199.40K","0.72%"
"2021-7-7","0.002790","0.002770","0.002810","0.002700","210.48K","1.45%"
"2021-7-6","0.002750","0.002940","0.002940","0.002690","268.30K","-6.78%"
"2021-7-5","0.002950","0.002770","0.002950","0.002710","269.13K","6.50%"
"2021-7-4","0.002770","0.002690","0.002770","0.002690","188.30K","-1.07%"
"2021-7-3","0.002800","0.002860","0.002860","0.002750","193.32K","-1.75%"
"2021-7-2","0.002850","0.002850","0.002900","0.002790","216.20K","0.00%"
"2021-7-1","0.002850","0.002820","0.002850","0.002710","198.22K","1.06%"
"2021-6-30","0.002820","0.002700","0.003030","0.002700","258.07K","3.68%"
"2021-6-29","0.002720","0.002560","0.002720","0.002560","178.23K","5.84%"
"2021-6-28","0.002570","0.002560","0.002570","0.002480","186.25K","0.39%"
"2021-6-27","0.002560","0.002730","0.002730","0.002560","187.49K","-6.57%"
"2021-6-26","0.002740","0.002490","0.002910","0.002490","285.61K","10.04%"
"2021-6-25","0.002490","0.002500","0.002530","0.002460","183.25K","-0.40%"
"2021-6-24","0.002500","0.002270","0.002500","0.002270","226.04K","10.13%"
"2021-6-23","0.002270","0.002190","0.002270","0.002180","237.64K","4.61%"
"2021-6-22","0.002170","0.002430","0.002430","0.002010","281.09K","-10.33%"
"2021-6-21","0.002420","0.002900","0.002900","0.002420","136.91K","-16.55%"
"2021-6-20","0.002900","0.003110","0.003110","0.002810","73.48K","-6.75%"
"2021-6-19","0.003110","0.003090","0.003110","0.003030","18.75K","0.97%"
"2021-6-18","0.003080","0.003180","0.003180","0.003060","27.42K","-3.14%"
"2021-6-17","0.003180","0.003240","0.003240","0.003180","23.09K","-1.85%"
"2021-6-16","0.003240","0.003150","0.003240","0.003120","32.02K","2.86%"
"2021-6-15","0.003150","0.003160","0.003170","0.003090","29.44K","-0.32%"
"2021-6-14","0.003160","0.003230","0.003270","0.003150","46.77K","-2.17%"
"2021-6-13","0.003230","0.003120","0.003320","0.003120","49.10K","1.57%"
"2021-6-12","0.003180","0.003520","0.003520","0.003110","66.13K","-9.66%"
"2021-6-11","0.003520","0.003630","0.003630","0.003450","40.67K","-3.03%"
"2021-6-10","0.003630","0.003560","0.003630","0.003490","60.55K","1.97%"
"2021-6-9","0.003560","0.003300","0.003560","0.003280","84.98K","7.88%"
"2021-6-8","0.003300","0.003320","0.003320","0.003250","159.36K","-0.30%"
"2021-6-7","0.003310","0.003450","0.003450","0.003310","246.95K","-4.06%"
"2021-6-6","0.003450","0.003440","0.003460","0.003400","294.50K","1.17%"
"2021-6-5","0.003410","0.003420","0.003420","0.003350","191.08K","-0.29%"
"2021-6-4","0.003420","0.003530","0.003530","0.003420","197.83K","-3.12%"
"2021-6-3","0.003530","0.003450","0.003900","0.003450","334.23K","2.32%"
"2021-6-2","0.003450","0.003490","0.003520","0.003340","327.92K","-0.86%"
"2021-6-1","0.003480","0.003300","0.003590","0.003300","388.24K","5.14%"
"2021-5-31","0.003310","0.003680","0.003680","0.003310","351.87K","-8.82%"
"2021-5-30","0.003630","0.003710","0.003740","0.003530","293.51K","-2.42%"
"2021-5-29","0.003720","0.003750","0.003750","0.003530","331.74K","-0.53%"
"2021-5-28","0.003740","0.003500","0.003740","0.003500","482.61K","7.47%"
"2021-5-27","0.003480","0.003460","0.003480","0.003390","301.97K","0.29%"
"2021-5-26","0.003470","0.003440","0.003470","0.003370","335.08K","-0.86%"
"2021-5-25","0.003500","0.003420","0.003570","0.003350","370.29K","2.94%"
"2021-5-24","0.003400","0.003700","0.003700","0.003370","452.65K","-8.60%"
"2021-5-23","0.003720","0.003820","0.003980","0.003540","310.29K","-2.36%"
"2021-5-22","0.003810","0.004030","0.004030","0.003730","227.40K","-5.22%"
"2021-5-21","0.004020","0.004930","0.004930","0.003920","264.31K","-18.79%"
"2021-5-20","0.004950","0.003360","0.004950","0.003360","484.04K","47.32%"
"2021-5-19","0.003360","0.003440","0.003990","0.003200","344.40K","-2.33%"
"2021-5-18","0.003440","0.003470","0.003470","0.003330","169.98K","0.88%"
"2021-5-17","0.003410","0.003420","0.003440","0.003300","229.36K","-0.29%"
"2021-5-16","0.003420","0.003360","0.003480","0.003280","320.19K","1.48%"
"2021-5-15","0.003370","0.003280","0.003370","0.003240","300.31K","2.43%"
"2021-5-14","0.003290","0.003320","0.003450","0.003250","329.09K","-0.60%"
"2021-5-13","0.003310","0.003120","0.003310","0.003120","462.83K","6.43%"
"2021-5-12","0.003110","0.003540","0.003540","0.003110","276.67K","-11.90%"
"2021-5-11","0.003530","0.003460","0.003640","0.003420","304.21K","2.62%"
"2021-5-10","0.003440","0.003890","0.003890","0.003440","254.23K","-11.57%"
"2021-5-9","0.003890","0.004040","0.004040","0.003780","237.87K","-3.71%"
"2021-5-8","0.004040","0.004630","0.004630","0.004020","230.38K","-12.74%"
"2021-5-7","0.004630","0.004770","0.005040","0.004620","249.30K","-2.32%"
"2021-5-6","0.004740","0.004520","0.004740","0.004490","259.32K","4.64%"
"2021-5-5","0.004530","0.004390","0.004560","0.004380","248.90K","1.80%"
"2021-5-4","0.004450","0.004770","0.004770","0.004280","243.41K","-7.29%"
"2021-5-3","0.004800","0.005600","0.005650","0.004800","212.68K","-13.82%"
"2021-5-2","0.005570","0.005290","0.005680","0.005290","222.07K","5.29%"
"2021-5-1","0.005290","0.005610","0.005610","0.005210","216.06K","-5.87%"
"2021-4-30","0.005620","0.005330","0.005620","0.005330","205.01K","5.44%"
"2021-4-29","0.005330","0.005420","0.005420","0.005230","208.83K","-1.66%"
"2021-4-28","0.005420","0.005850","0.005850","0.005300","208.49K","-7.35%"
"2021-4-27","0.005850","0.005680","0.006230","0.005680","206.53K","2.99%"
"2021-4-26","0.005680","0.005070","0.005840","0.005070","287.18K","12.25%"
"2021-4-25","0.005060","0.005160","0.005480","0.005040","274.50K","-1.94%"
"2021-4-24","0.005160","0.005210","0.005270","0.005050","268.51K","-1.15%"
"2021-4-23","0.005220","0.005520","0.005520","0.004790","328.80K","-5.09%"
"2021-4-22","0.005500","0.006570","0.006570","0.005460","226.41K","-16.54%"
"2021-4-21","0.006590","0.007290","0.007290","0.006590","175.54K","-9.48%"
"2021-4-20","0.007280","0.008080","0.008080","0.007270","231.56K","-9.57%"
"2021-4-19","0.008050","0.008820","0.008850","0.008050","247.57K","-8.94%"
"2021-4-18","0.008840","0.007510","0.009090","0.007510","344.18K","17.55%"
"2021-4-17","0.007520","0.007380","0.007850","0.006730","296.31K","1.90%"
"2021-4-16","0.007380","0.005600","0.007970","0.005600","502.41K","31.55%"
"2021-4-15","0.005610","0.005440","0.005610","0.005360","175.93K","2.94%"
"2021-4-14","0.005450","0.005970","0.005970","0.005400","181.99K","-8.40%"
"2021-4-13","0.005950","0.006360","0.006360","0.005860","143.93K","-6.59%"
"2021-4-12","0.006370","0.006560","0.006560","0.006330","130.36K","-3.04%"
"2021-4-11","0.006570","0.006700","0.006700","0.006320","183.18K","-1.79%"
"2021-4-10","0.006690","0.006950","0.007040","0.006440","221.11K","-3.46%"
"2021-4-9","0.006930","0.006340","0.006970","0.006340","247.50K","8.62%"
"2021-4-8","0.006380","0.006000","0.006430","0.006000","235.23K","6.33%"
"2021-4-7","0.006000","0.006330","0.006560","0.005850","266.22K","-5.51%"
"2021-4-6","0.006350","0.006820","0.006820","0.006290","241.14K","-6.89%"
"2021-4-5","0.006820","0.007430","0.007430","0.006790","216.43K","-8.21%"
"2021-4-4","0.007430","0.007080","0.007920","0.007080","225.43K","4.94%"
"2021-4-3","0.007080","0.007440","0.008000","0.007080","262.65K","-4.58%"
"2021-4-2","0.007420","0.007530","0.007530","0.007120","257.81K","-1.85%"
"2021-4-1","0.007560","0.008280","0.008510","0.007560","228.82K","-8.70%"
"2021-3-31","0.008280","0.007670","0.008280","0.007670","226.14K","8.24%"
"2021-3-30","0.007650","0.007420","0.007650","0.007290","202.23K","3.24%"
"2021-3-29","0.007410","0.007410","0.007410","0.007090","202.41K","0.14%"
"2021-3-28","0.007400","0.007210","0.007400","0.007170","193.88K","2.64%"
"2021-3-27","0.007210","0.006870","0.007450","0.006870","207.29K","5.10%"
"2021-3-26","0.006860","0.006930","0.007020","0.006860","199.61K","-1.15%"
"2021-3-25","0.006940","0.007270","0.007270","0.006750","209.65K","-4.54%"
"2021-3-24","0.007270","0.007790","0.007790","0.007120","216.43K","-6.68%"
"2021-3-23","0.007790","0.007370","0.007790","0.007370","275.30K","5.13%"
"2021-3-22","0.007410","0.006670","0.007670","0.006640","314.03K","10.93%"
"2021-3-21","0.006680","0.006350","0.006680","0.006350","267.60K","5.20%"
"2021-3-20","0.006350","0.006630","0.006750","0.006350","247.05K","-3.93%"
"2021-3-19","0.006610","0.006690","0.006740","0.006570","216.86K","-1.20%"
"2021-3-18","0.006690","0.006710","0.006710","0.006500","229.18K","0.45%"
"2021-3-17","0.006660","0.006460","0.006930","0.006320","285.78K","3.58%"
"2021-3-16","0.006430","0.006710","0.006710","0.006360","219.09K","-4.17%"
"2021-3-15","0.006710","0.006850","0.006880","0.006610","234.08K","-2.19%"
"2021-3-14","0.006860","0.007000","0.007000","0.006620","220.09K","-1.72%"
"2021-3-13","0.006980","0.007340","0.007350","0.006690","224.50K","-4.90%"
"2021-3-12","0.007340","0.007400","0.007400","0.007110","211.36K","-1.08%"
"2021-3-11","0.007420","0.005800","0.007420","0.005790","251.62K","28.37%"
"2021-3-10","0.005780","0.005800","0.005920","0.005780","248.71K","-0.17%"
"2021-3-9","0.005790","0.005890","0.005990","0.005790","208.63K","-2.03%"
"2021-3-8","0.005910","0.006530","0.006530","0.005910","215.30K","-9.63%"
"2021-3-7","0.006540","0.006950","0.006950","0.006540","223.00K","-5.90%"
"2021-3-6","0.006950","0.007160","0.007240","0.006950","256.59K","-2.93%"
"2021-3-5","0.007160","0.007000","0.007480","0.006930","236.12K","2.43%"
"2021-3-4","0.006990","0.007240","0.007240","0.006920","251.83K","-3.45%"
"2021-3-3","0.007240","0.007600","0.007600","0.006970","262.03K","-4.74%"
"2021-3-2","0.007600","0.007810","0.007810","0.007360","232.64K","-2.69%"
"2021-3-1","0.007810","0.008530","0.008530","0.007340","296.45K","-8.55%"
"2021-2-28","0.008540","0.006940","0.008540","0.006460","345.64K","23.23%"
"2021-2-27","0.006930","0.008110","0.008110","0.006670","258.56K","-14.44%"
"2021-2-26","0.008100","0.008260","0.008420","0.007820","351.92K","-2.06%"
"2021-2-25","0.008270","0.007490","0.009650","0.007490","408.75K","10.56%"
"2021-2-24","0.007480","0.005540","0.008490","0.005540","619.29K","35.26%"
"2021-2-23","0.005530","0.005630","0.005810","0.004660","419.85K","-1.78%"
"2021-2-22","0.005630","0.005060","0.005640","0.004650","400.72K","12.15%"
"2021-2-21","0.005020","0.002430","0.008740","0.002430","851.56K","107.44%"
"2021-2-20","0.002420","0.002420","0.002420","0.002330","265.27K","-0.41%"
"2021-2-19","0.002430","0.002210","0.002490","0.002210","317.42K","9.46%"
"2021-2-18","0.002220","0.002150","0.002220","0.002150","244.44K","3.26%"
"2021-2-17","0.002150","0.002230","0.002240","0.002110","256.75K","-4.44%"
"2021-2-16","0.002250","0.002290","0.002340","0.002220","208.11K","-2.17%"
"2021-2-15","0.002300","0.002460","0.002460","0.002260","215.81K","-7.26%"
"2021-2-14","0.002480","0.002170","0.002490","0.002110","220.81K","13.76%"
"2021-2-13","0.002180","0.001900","0.002180","0.001860","142.13K","14.74%"
"2021-2-12","0.001900","0.001860","0.001900","0.001810","54.22K","2.15%"
"2021-2-11","0.001860","0.001930","0.001930","0.001830","88.54K","5.68%"
"2021-2-10","0.001760","0.001470","0.001900","0.001450","180.47K","19.73%"
"2021-2-9","0.001470","0.001330","0.001520","0.001330","81.58K","10.53%"
"2021-2-8","0.001330","0.001350","0.001370","0.001330","47.61K","0.00%"
"2021-2-7","0.001330","0.001340","0.001400","0.001330","36.48K","-0.75%"
"2021-2-6","0.001340","0.001360","0.001400","0.001320","68.90K","-1.47%"
"2021-2-5","0.001360","0.001360","0.001380","0.001320","42.75K","0.00%"
"2021-2-4","0.001360","0.001320","0.001360","0.001300","61.40K","3.03%"
"2021-2-3","0.001320","0.001290","0.001460","0.001290","138.19K","2.33%"
"2021-2-2","0.001290","0.001380","0.001380","0.001290","59.89K","-6.52%"
"2021-2-1","0.001380","0.001500","0.001500","0.001380","37.20K","-8.00%"
"2021-1-31","0.001500","0.001370","0.001510","0.001350","52.84K","9.49%"
"2021-1-30","0.001370","0.001370","0.001390","0.001350","40.84K","0.00%"
"2021-1-29","0.001370","0.001400","0.001410","0.001310","99.44K","0.00%"
"2021-1-28","0.001370","0.001360","0.001370","0.001330","30.17K","0.74%"
"2021-1-27","0.001360","0.001340","0.001370","0.001300","51.29K","1.49%"
"2021-1-26","0.001340","0.001390","0.001390","0.001340","33.97K","-3.60%"
"2021-1-25","0.001390","0.001390","0.001390","0.001330","50.53K","0.00%"
"2021-1-24","0.001390","0.001430","0.001470","0.001390","91.81K","-2.80%"
"2021-1-23","0.001430","0.001440","0.001440","0.001410","26.37K","-0.69%"
"2021-1-22","0.001440","0.001500","0.001500","0.001410","87.57K","-4.00%"
"2021-1-21","0.001500","0.001380","0.001500","0.001380","170.09K","7.91%"
"2021-1-20","0.001390","0.001400","0.001420","0.001390","117.34K","-1.42%"
"2021-1-19","0.001410","0.001640","0.001640","0.001380","313.19K","-13.50%"
"2021-1-18","0.001630","0.001460","0.001630","0.001450","305.75K","12.41%"
"2021-1-17","0.001450","0.001490","0.001490","0.001410","301.50K","-2.68%"
"2021-1-16","0.001490","0.001490","0.001500","0.001460","232.80K","1.36%"
"2021-1-15","0.001470","0.001460","0.001470","0.001450","287.45K","-0.68%"
"2021-1-14","0.001480","0.001530","0.001610","0.001440","278.90K","-3.27%"
"2021-1-13","0.001530","0.001610","0.001640","0.001530","274.59K","-4.37%"
"2021-1-12","0.001600","0.001620","0.001620","0.001520","266.58K","-1.23%"
"2021-1-11","0.001620","0.001530","0.001660","0.001490","415.79K","5.88%"
"2021-1-10","0.001530","0.001450","0.001530","0.001320","383.57K","5.52%"
"2021-1-9","0.001450","0.001380","0.001450","0.001380","409.37K","5.07%"
"2021-1-8","0.001380","0.001340","0.001380","0.001330","615.60K","0.73%"
"2021-1-7","0.001370","0.001330","0.001390","0.001330","523.99K","2.24%"
"2021-1-6","0.001340","0.001380","0.001400","0.001320","427.15K","-2.19%"
"2021-1-5","0.001370","0.001450","0.001450","0.001370","381.29K","-4.86%"
"2021-1-4","0.001440","0.001570","0.001570","0.001440","455.13K","-8.28%"
"2021-1-3","0.001570","0.001970","0.001970","0.001530","387.23K","-20.30%"
"2021-1-2","0.001970","0.002130","0.002150","0.001950","234.15K","-7.51%"
"2021-1-1","0.002130","0.002070","0.002130","0.002040","233.39K","2.40%"
"2020-12-31","0.002080","0.002000","0.002080","0.002000","216.44K","4.00%"
"2020-12-30","0.002000","0.002080","0.002080","0.001990","288.26K","-3.85%"
"2020-12-29","0.002080","0.002180","0.002180","0.001960","311.72K","-4.59%"
"2020-12-28","0.002180","0.002260","0.002260","0.002100","361.07K","-3.11%"
"2020-12-27","0.002250","0.002430","0.002450","0.002210","214.13K","-7.41%"
"2020-12-26","0.002430","0.002480","0.002540","0.002410","147.21K","-2.02%"
"2020-12-25","0.002480","0.002590","0.002600","0.002470","179.83K","-4.25%"
"2020-12-24","0.002590","0.002490","0.002600","0.002450","231.82K","4.02%"
"2020-12-23","0.002490","0.002660","0.002660","0.002480","205.87K","-6.04%"
"2020-12-22","0.002650","0.002780","0.002780","0.002650","186.10K","-4.33%"
"2020-12-21","0.002770","0.002750","0.002770","0.002660","209.46K","0.73%"
"2020-12-20","0.002750","0.002660","0.002930","0.002650","208.58K","3.38%"
"2020-12-19","0.002660","0.002580","0.002720","0.002560","162.17K","2.70%"
"2020-12-18","0.002590","0.002460","0.002590","0.002440","143.09K","5.28%"
"2020-12-17","0.002460","0.002540","0.002540","0.002410","152.25K","-3.53%"
"2020-12-16","0.002550","0.002670","0.002670","0.002540","122.01K","-4.49%"
"2020-12-15","0.002670","0.002720","0.002720","0.002660","66.52K","-1.84%"
"2020-12-14","0.002720","0.002710","0.002720","0.002680","106.81K","0.37%"
"2020-12-13","0.002710","0.002780","0.002780","0.002690","108.67K","-2.52%"
"2020-12-12","0.002780","0.002730","0.002800","0.002730","89.76K","1.83%"
"2020-12-11","0.002730","0.002810","0.002810","0.002720","86.59K","-2.85%"
"2020-12-10","0.002810","0.002840","0.002840","0.002790","90.65K","-0.71%"
"2020-12-9","0.002830","0.002880","0.002880","0.002760","120.49K","-1.74%"
"2020-12-8","0.002880","0.002860","0.002910","0.002810","113.98K","1.05%"
"2020-12-7","0.002850","0.002860","0.002860","0.002820","102.64K","-0.35%"
"2020-12-6","0.002860","0.002930","0.002930","0.002860","79.59K","-2.39%"
"2020-12-5","0.002930","0.002900","0.002930","0.002870","163.20K","1.74%"
"2020-12-4","0.002880","0.002970","0.002970","0.002800","133.14K","-3.03%"
"2020-12-3","0.002970","0.003120","0.003120","0.002920","151.49K","-3.57%"
"2020-12-2","0.003080","0.002940","0.003080","0.002860","192.98K","5.48%"
"2020-12-1","0.002920","0.002590","0.003160","0.002590","186.86K","12.31%"
"2020-11-30","0.002600","0.002770","0.002770","0.002590","97.62K","-6.14%"
"2020-11-29","0.002770","0.003010","0.003010","0.002770","149.79K","-7.97%"
"2020-11-28","0.003010","0.002880","0.003010","0.002850","151.90K","4.51%"
"2020-11-27","0.002880","0.002870","0.002880","0.002740","140.61K","0.35%"
"2020-11-26","0.002870","0.003260","0.003260","0.002870","233.98K","-11.96%"
"2020-11-25","0.003260","0.002580","0.003260","0.002580","219.33K","26.36%"
"2020-11-24","0.002580","0.002380","0.002580","0.002370","69.70K","8.40%"
"2020-11-23","0.002380","0.002450","0.002460","0.002340","172.15K","-2.86%"
"2020-11-22","0.002450","0.002620","0.002620","0.002450","174.62K","-6.49%"
"2020-11-21","0.002620","0.002640","0.002670","0.002620","154.01K","-0.76%"
"2020-11-20","0.002640","0.002790","0.002790","0.002640","150.22K","-5.38%"
"2020-11-19","0.002790","0.002840","0.002840","0.002790","103.61K","-1.76%"
"2020-11-18","0.002840","0.003000","0.003000","0.002840","138.11K","-5.33%"
"2020-11-17","0.003000","0.002910","0.003080","0.002910","155.33K","3.09%"
"2020-11-16","0.002910","0.002980","0.002980","0.002910","169.21K","-2.02%"
"2020-11-15","0.002970","0.002910","0.003020","0.002910","174.42K","2.06%"
"2020-11-14","0.002910","0.002880","0.002910","0.002850","196.86K","1.39%"
"2020-11-13","0.002870","0.002850","0.002870","0.002830","136.41K","0.70%"
"2020-11-12","0.002850","0.002950","0.002980","0.002850","147.44K","-3.39%"
"2020-11-11","0.002950","0.003110","0.003110","0.002940","125.62K","-5.14%"
"2020-11-10","0.003110","0.003350","0.003350","0.003110","152.11K","-7.16%"
"2020-11-9","0.003350","0.002850","0.003350","0.002850","165.35K","17.54%"
"2020-11-8","0.002850","0.002790","0.002910","0.002790","135.89K","2.52%"
"2020-11-7","0.002780","0.002850","0.002920","0.002760","238.68K","-2.80%"
"2020-11-6","0.002860","0.002850","0.002930","0.002760","278.35K","0.35%"
"2020-11-5","0.002850","0.002830","0.002910","0.002790","282.33K","0.35%"
"2020-11-4","0.002840","0.002990","0.003000","0.002790","272.04K","-4.05%"
"2020-11-3","0.002960","0.003230","0.003230","0.002960","259.32K","-8.36%"
"2020-11-2","0.003230","0.003050","0.003240","0.003050","259.41K","5.21%"
"2020-11-1","0.003070","0.003150","0.003150","0.003040","218.14K","-3.15%"
"2020-10-31","0.003170","0.003200","0.003230","0.003140","187.03K","-0.94%"
"2020-10-30","0.003200","0.003380","0.003380","0.003160","238.77K","-5.33%"
"2020-10-29","0.003380","0.003480","0.003670","0.003380","182.41K","-2.87%"
"2020-10-28","0.003480","0.003570","0.003570","0.003470","104.48K","-2.52%"
"2020-10-27","0.003570","0.003700","0.003740","0.003570","8.98K","-3.51%"
"2020-10-26","0.003700","0.003590","0.003700","0.003580","12.69K","3.06%"
"2020-10-25","0.003590","0.003640","0.003640","0.003590","5.70K","-1.37%"
"2020-10-24","0.003640","0.003700","0.003700","0.003600","13.50K","-1.62%"
"2020-10-23","0.003700","0.003590","0.003700","0.003590","134.67K","3.06%"
"2020-10-22","0.003590","0.003760","0.003760","0.003590","179.37K","-4.52%"
"2020-10-21","0.003760","0.003870","0.003870","0.003740","161.77K","-2.84%"
"2020-10-20","0.003870","0.003930","0.003970","0.003850","155.14K","-1.53%"
"2020-10-19","0.003930","0.003990","0.003990","0.003900","136.39K","-1.50%"
"2020-10-18","0.003990","0.004200","0.004200","0.003990","110.92K","-5.23%"
"2020-10-17","0.004210","0.004000","0.004220","0.004000","94.30K","5.25%"
"2020-10-16","0.004000","0.004000","0.004030","0.003980","142.17K","0.00%"
"2020-10-15","0.004000","0.004090","0.004090","0.003990","171.50K","-2.91%"
"2020-10-14","0.004120","0.004030","0.004120","0.004030","108.58K","2.23%"
"2020-10-13","0.004030","0.003970","0.004030","0.003970","78.58K","1.51%"
"2020-10-12","0.003970","0.004190","0.004190","0.003940","77.92K","-5.02%"
"2020-10-11","0.004180","0.004390","0.004390","0.004160","91.17K","-4.78%"
"2020-10-10","0.004390","0.004310","0.004390","0.004240","115.60K","2.09%"
"2020-10-9","0.004300","0.004150","0.004300","0.004150","115.06K","3.61%"
"2020-10-8","0.004150","0.004120","0.004180","0.004120","127.11K","0.48%"
"2020-10-7","0.004130","0.004150","0.004150","0.004020","119.74K","-0.48%"
"2020-10-6","0.004150","0.004280","0.004310","0.004150","107.78K","-2.81%"
"2020-10-5","0.004270","0.004310","0.004320","0.004270","122.39K","-0.93%"
"2020-10-4","0.004310","0.004440","0.004480","0.004280","120.21K","-2.71%"
"2020-10-3","0.004430","0.004480","0.004490","0.004380","107.21K","-1.77%"
"2020-10-2","0.004510","0.004570","0.004590","0.004510","129.71K","-1.31%"
"2020-10-1","0.004570","0.004420","0.004580","0.004420","144.49K","3.39%"
"2020-9-30","0.004420","0.004480","0.004510","0.004400","125.61K","-1.34%"
"2020-9-29","0.004480","0.004640","0.004640","0.004480","65.73K","-3.45%"
"2020-9-28","0.004640","0.004630","0.004640","0.004510","43.30K","0.22%"
"2020-9-27","0.004630","0.004750","0.004750","0.004630","124.78K","-1.49%"
"2020-9-26","0.004700","0.004730","0.004820","0.004700","131.09K","-0.84%"
"2020-9-25","0.004740","0.004750","0.004880","0.004670","117.97K","-0.21%"
"2020-9-24","0.004750","0.004950","0.004970","0.004730","116.47K","-4.04%"
"2020-9-23","0.004950","0.004830","0.005010","0.004800","117.35K","2.48%"
"2020-9-22","0.004830","0.004800","0.004880","0.004710","128.86K","0.62%"
"2020-9-21","0.004800","0.004950","0.005110","0.004710","139.42K","-3.03%"
"2020-9-20","0.004950","0.004900","0.004950","0.004810","165.92K","1.02%"
"2020-9-19","0.004900","0.005250","0.005250","0.004870","111.96K","-7.20%"
"2020-9-18","0.005280","0.005000","0.005550","0.005000","156.31K","5.60%"
"2020-9-17","0.005000","0.004960","0.005000","0.004660","137.85K","1.83%"
"2020-9-16","0.004910","0.005000","0.005000","0.004780","116.29K","-1.60%"
"2020-9-15","0.004990","0.004940","0.005010","0.004720","93.74K","1.22%"
"2020-9-14","0.004930","0.004800","0.004960","0.004720","123.00K","2.71%"
"2020-9-13","0.004800","0.004860","0.004860","0.004710","105.95K","-1.64%"
"2020-9-12","0.004880","0.004950","0.005040","0.004870","121.54K","-1.41%"
"2020-9-11","0.004950","0.004750","0.005000","0.004720","177.79K","4.43%"
"2020-9-10","0.004740","0.004870","0.004910","0.004600","155.02K","-2.67%"
"2020-9-9","0.004870","0.004870","0.005040","0.004790","202.28K","0.00%"
"2020-9-8","0.004870","0.004610","0.004870","0.004570","153.71K","5.41%"
"2020-9-7","0.004620","0.004740","0.004820","0.004550","141.01K","-2.74%"
"2020-9-6","0.004750","0.004730","0.004750","0.004570","146.27K","-2.46%"
"2020-9-5","0.004870","0.004440","0.004900","0.004420","170.78K","9.68%"
"2020-9-4","0.004440","0.004220","0.004510","0.004130","118.94K","5.21%"
"2020-9-3","0.004220","0.004450","0.004450","0.004210","131.20K","-5.17%"
"2020-9-2","0.004450","0.004510","0.004510","0.004360","149.14K","-1.33%"
"2020-9-1","0.004510","0.005100","0.005100","0.004440","139.30K","-11.57%"
"2020-8-31","0.005100","0.005430","0.005440","0.005100","209.81K","-4.85%"
"2020-8-30","0.005360","0.005690","0.006600","0.005360","187.98K","-6.13%"
"2020-8-29","0.005710","0.005400","0.005740","0.005390","140.04K","5.74%"
"2020-8-28","0.005400","0.005340","0.005430","0.005320","101.44K","1.12%"
"2020-8-27","0.005340","0.005220","0.005450","0.005190","125.81K","2.30%"
"2020-8-26","0.005220","0.005260","0.005260","0.005140","111.99K","-1.32%"
"2020-8-25","0.005290","0.005090","0.005380","0.005090","101.84K","3.93%"
"2020-8-24","0.005090","0.005210","0.005290","0.005090","121.95K","-2.30%"
"2020-8-23","0.005210","0.005410","0.005510","0.005170","160.62K","-3.70%"
"2020-8-22","0.005410","0.005190","0.005410","0.005080","152.96K","4.24%"
"2020-8-21","0.005190","0.005310","0.005390","0.005070","177.41K","-2.26%"
"2020-8-20","0.005310","0.004340","0.005310","0.004310","169.38K","22.35%"
"2020-8-19","0.004340","0.004510","0.004560","0.004330","160.32K","-3.77%"
"2020-8-18","0.004510","0.004500","0.004670","0.004450","184.62K","0.22%"
"2020-8-17","0.004500","0.004290","0.004520","0.004290","181.84K","4.90%"
"2020-8-16","0.004290","0.004290","0.004400","0.004260","162.92K","0.00%"
"2020-8-15","0.004290","0.004180","0.004350","0.004130","139.96K","2.63%"
"2020-8-14","0.004180","0.004320","0.004560","0.004160","174.51K","-3.24%"
"2020-8-13","0.004320","0.004540","0.004600","0.004320","533.91K","-4.85%"
"2020-8-12","0.004540","0.004540","0.004560","0.004490","1.28M","0.00%"
"2020-8-11","0.004540","0.004810","0.004810","0.004500","1.38M","-5.61%"
"2020-8-10","0.004810","0.004580","0.004810","0.004460","1.58M","5.48%"
"2020-8-9","0.004560","0.004450","0.004600","0.004410","1.46M","2.47%"
"2020-8-8","0.004450","0.004370","0.004450","0.004330","1.46M","1.83%"
"2020-8-7","0.004370","0.004260","0.004440","0.004230","1.55M","2.58%"
"2020-8-6","0.004260","0.004220","0.004330","0.004210","1.67M","0.95%"
"2020-8-5","0.004220","0.004300","0.004400","0.004220","1.14M","-1.86%"
"2020-8-4","0.004300","0.004330","0.004370","0.004230","1.37M","-1.15%"
"2020-8-3","0.004350","0.004420","0.004420","0.004260","1.89M","-2.68%"
"2020-8-2","0.004470","0.004490","0.004530","0.004400","1.77M","-0.67%"
"2020-8-1","0.004500","0.004850","0.004850","0.004500","1.48M","-7.22%"
"2020-7-31","0.004850","0.004980","0.005040","0.004840","1.53M","-2.81%"
"2020-7-30","0.004990","0.005320","0.005350","0.004990","1.52M","-6.55%"
"2020-7-29","0.005340","0.005290","0.005400","0.005260","1.56M","1.52%"
"2020-7-28","0.005260","0.005140","0.005390","0.005110","1.46M","-1.13%"
"2020-7-27","0.005320","0.005660","0.005660","0.005040","1.85M","-6.01%"
"2020-7-26","0.005660","0.005890","0.005930","0.005660","2.00M","-3.90%"
"2020-7-25","0.005890","0.006550","0.006550","0.005890","1.93M","-9.94%"
"2020-7-24","0.006540","0.006640","0.006740","0.006440","1.70M","-1.51%"
"2020-7-23","0.006640","0.007110","0.007110","0.006640","1.81M","-6.21%"
"2020-7-22","0.007080","0.007760","0.007830","0.006730","1.37M","-8.88%"
"2020-7-21","0.007770","0.007290","0.007890","0.007140","1.46M","6.58%"
"2020-7-20","0.007290","0.007360","0.007380","0.007290","1.37M","-1.22%"
"2020-7-19","0.007380","0.007180","0.007540","0.007120","996.36K","2.79%"
"2020-7-18","0.007180","0.007340","0.007340","0.007180","567.20K","-2.18%"
"2020-7-17","0.007340","0.007170","0.007340","0.007170","1.00M","2.23%"
"2020-7-16","0.007180","0.007510","0.007510","0.007180","1.34M","-4.14%"
"2020-7-15","0.007490","0.007460","0.007630","0.007460","1.50M","0.67%"
"2020-7-14","0.007440","0.007260","0.007540","0.007130","1.48M","2.48%"
"2020-7-13","0.007260","0.006980","0.007360","0.006920","1.71M","4.46%"
"2020-7-12","0.006950","0.007210","0.007210","0.006950","1.14M","-3.61%"
"2020-7-11","0.007210","0.007050","0.007290","0.007030","1.61M","1.69%"
"2020-7-10","0.007090","0.006960","0.007110","0.006870","1.98M","1.87%"
"2020-7-9","0.006960","0.007170","0.007200","0.006920","1.76M","-2.93%"
"2020-7-8","0.007170","0.007350","0.007410","0.007170","1.57M","-2.32%"
"2020-7-7","0.007340","0.007300","0.007380","0.007260","1.63M","0.55%"
"2020-7-6","0.007300","0.007630","0.007710","0.007280","2.23M","-4.33%"
"2020-7-5","0.007630","0.007630","0.007700","0.007490","2.17M","0.79%"
"2020-7-4","0.007570","0.007650","0.007860","0.007500","2.21M","-1.56%"
"2020-7-3","0.007690","0.007780","0.007870","0.007470","1.65M","-1.16%"
"2020-7-2","0.007780","0.007960","0.008190","0.007710","691.34K","-2.51%"
"2020-7-1","0.007980","0.008070","0.008220","0.007740","2.21M","-1.12%"
"2020-6-30","0.008070","0.008430","0.008650","0.008050","2.22M","-5.06%"
"2020-6-29","0.008500","0.007780","0.008740","0.007660","2.25M","8.42%"
"2020-6-28","0.007840","0.007780","0.008280","0.007370","2.23M","0.77%"
"2020-6-27","0.007780","0.008370","0.009070","0.007590","2.18M","-5.70%"
"2020-6-26","0.008250","0.007190","0.008740","0.007190","1.73M","14.74%"
"2020-6-25","0.007190","0.007100","0.007360","0.006820","1.20M","1.41%"
"2020-6-24","0.007090","0.007180","0.007260","0.007030","1.05M","-1.25%"
"2020-6-23","0.007180","0.007300","0.007340","0.007060","2.01M","-1.37%"
"2020-6-22","0.007280","0.007690","0.008090","0.007160","1.80M","-5.45%"
"2020-6-21","0.007700","0.007740","0.007850","0.007580","1.73M","-0.52%"
"2020-6-20","0.007740","0.007470","0.007900","0.007450","1.64M","3.61%"
"2020-6-19","0.007470","0.007860","0.007900","0.007450","1.82M","-4.96%"
"2020-6-18","0.007860","0.007370","0.008000","0.007360","1.22M","6.65%"
"2020-6-17","0.007370","0.007180","0.007560","0.007170","1.13M","2.50%"
"2020-6-16","0.007190","0.007270","0.007410","0.007100","866.34K","-1.10%"
"2020-6-15","0.007270","0.007280","0.007300","0.006830","879.39K","-0.14%"
"2020-6-14","0.007280","0.007210","0.007670","0.007170","901.31K","0.83%"
"2020-6-13","0.007220","0.006900","0.007790","0.006900","845.48K","4.64%"
"2020-6-12","0.006900","0.006910","0.007170","0.006830","826.24K","-0.14%"
"2020-6-11","0.006910","0.007190","0.007540","0.006860","834.49K","-4.16%"
"2020-6-10","0.007210","0.007250","0.007440","0.006930","939.17K","-0.55%"
"2020-6-9","0.007250","0.006830","0.007260","0.006750","1.05M","6.15%"
"2020-6-8","0.006830","0.006800","0.007140","0.006780","1.13M","0.44%"
"2020-6-7","0.006800","0.007080","0.007090","0.006750","1.18M","-3.95%"
"2020-6-6","0.007080","0.007290","0.007350","0.007060","951.42K","-2.88%"
"2020-6-5","0.007290","0.007210","0.007320","0.007070","1.05M","0.97%"
"2020-6-4","0.007220","0.007230","0.007470","0.007080","1.00M","-0.14%"
"2020-6-3","0.007230","0.007690","0.008240","0.007220","1.54M","-5.98%"
"2020-6-2","0.007690","0.007080","0.008750","0.007070","2.00M","8.77%"
"2020-6-1","0.007070","0.006540","0.007950","0.006530","2.19M","7.94%"
"2020-5-31","0.006550","0.006140","0.006900","0.006140","1.86M","6.68%"
"2020-5-30","0.006140","0.006500","0.006530","0.006100","1.95M","-5.54%"
"2020-5-29","0.006500","0.006600","0.006600","0.006370","2.17M","-1.66%"
"2020-5-28","0.006610","0.007160","0.007170","0.006600","2.16M","-7.68%"
"2020-5-27","0.007160","0.008160","0.008160","0.006980","2.95M","-11.82%"
"2020-5-26","0.008120","0.007170","0.009580","0.006870","2.79M","13.25%"
"2020-5-25","0.007170","0.006640","0.007480","0.006340","2.75M","7.82%"
"2020-5-24","0.006650","0.006340","0.008420","0.006300","3.56M","6.06%"
"2020-5-23","0.006270","0.006440","0.006490","0.006210","2.39M","-2.79%"
"2020-5-22","0.006450","0.006320","0.006780","0.006320","1.81M","2.06%"
"2020-5-21","0.006320","0.006070","0.006320","0.006010","1.97M","4.12%"
"2020-5-20","0.006070","0.006020","0.006160","0.005960","1.80M","0.83%"
"2020-5-19","0.006020","0.005930","0.006050","0.005890","2.08M","1.35%"
"2020-5-18","0.005940","0.006070","0.006070","0.005890","1.68M","-2.14%"
"2020-5-17","0.006070","0.006170","0.006240","0.006040","1.16M","-1.62%"
"2020-5-16","0.006170","0.006350","0.006350","0.006160","1.00M","-2.83%"
"2020-5-15","0.006350","0.006160","0.006500","0.006160","1.22M","3.08%"
"2020-5-14","0.006160","0.006300","0.006400","0.006140","894.04K","-2.22%"
"2020-5-13","0.006300","0.006550","0.006950","0.006280","1.69M","-5.83%"
"2020-5-12","0.006690","0.006620","0.006850","0.006350","2.38M","1.06%"
"2020-5-11","0.006620","0.007090","0.007250","0.006480","2.34M","-6.63%"
"2020-5-10","0.007090","0.006180","0.007790","0.005990","1.01M","14.72%"
"2020-5-9","0.006180","0.006300","0.006600","0.006100","1.51M","-2.52%"
"2020-5-8","0.006340","0.005990","0.006610","0.005930","1.48M","5.84%"
"2020-5-7","0.005990","0.006060","0.006150","0.005800","1.42M","-0.99%"
"2020-5-6","0.006050","0.006040","0.006090","0.005920","1.53M","-0.17%"
"2020-5-5","0.006060","0.006030","0.006100","0.005900","1.58M","0.66%"
"2020-5-4","0.006020","0.006070","0.006220","0.006000","1.02M","-0.82%"
"2020-5-3","0.006070","0.006120","0.006220","0.005990","876.16K","-0.98%"
"2020-5-2","0.006130","0.006360","0.006410","0.006030","1.17M","-4.07%"
"2020-5-1","0.006390","0.006020","0.006550","0.005990","1.71M","6.15%"
"2020-4-30","0.006020","0.006070","0.006670","0.005880","1.78M","-0.82%"
"2020-4-29","0.006070","0.006420","0.006480","0.005930","1.68M","-5.60%"
"2020-4-28","0.006430","0.006300","0.006860","0.006270","1.66M","2.72%"
"2020-4-27","0.006260","0.006400","0.006490","0.006150","1.44M","-2.03%"
"2020-4-26","0.006390","0.006390","0.006600","0.006300","1.79M","0.00%"
"2020-4-25","0.006390","0.006350","0.006860","0.006030","1.75M","1.11%"
"2020-4-24","0.006320","0.006180","0.006530","0.006060","1.91M","2.27%"
"2020-4-23","0.006180","0.006130","0.006280","0.006040","1.97M","0.98%"
"2020-4-22","0.006120","0.006290","0.006450","0.006110","1.85M","-3.62%"
"2020-4-21","0.006350","0.006390","0.006570","0.006230","1.88M","0.16%"
"2020-4-20","0.006340","0.006380","0.006490","0.006190","1.98M","-0.47%"
"2020-4-19","0.006370","0.006150","0.006500","0.006060","1.93M","3.07%"
"2020-4-18","0.006180","0.006490","0.006490","0.006070","1.68M","-4.78%"
"2020-4-17","0.006490","0.006490","0.006570","0.006460","1.19M","0.00%"
"2020-4-16","0.006490","0.007010","0.007080","0.006490","1.25M","-7.42%"
"2020-4-15","0.007010","0.006970","0.007120","0.006910","986.43K","0.57%"
"2020-4-14","0.006970","0.007020","0.007090","0.006880","669.01K","-0.85%"
"2020-4-13","0.007030","0.007130","0.007250","0.007020","641.98K","-1.26%"
"2020-4-12","0.007120","0.007110","0.007140","0.006990","858.49K","0.14%"
"2020-4-11","0.007110","0.007260","0.007260","0.007080","726.31K","-2.07%"
"2020-4-10","0.007260","0.007240","0.007300","0.007000","820.90K","0.41%"
"2020-4-9","0.007230","0.006840","0.007640","0.006830","777.01K","5.55%"
"2020-4-8","0.006850","0.006880","0.006950","0.006700","1.03M","-0.44%"
"2020-4-7","0.006880","0.006710","0.006890","0.006560","1.04M","2.53%"
"2020-4-6","0.006710","0.007350","0.007410","0.006710","1.28M","-8.96%"
"2020-4-5","0.007370","0.007560","0.007590","0.007330","1.12M","-2.64%"
"2020-4-4","0.007570","0.007480","0.007800","0.007460","1.24M","1.47%"
"2020-4-3","0.007460","0.007590","0.007700","0.007320","1.42M","-1.71%"
"2020-4-2","0.007590","0.007730","0.007790","0.007490","953.40K","-1.94%"
"2020-4-1","0.007740","0.007610","0.007920","0.007550","840.77K","1.71%"
"2020-3-31","0.007610","0.007490","0.007890","0.007330","963.61K","1.60%"
"2020-3-30","0.007490","0.007400","0.007590","0.007390","882.90K","1.22%"
"2020-3-29","0.007400","0.007510","0.007730","0.007350","905.61K","-1.33%"
"2020-3-28","0.007500","0.007280","0.007640","0.007220","1.00M","3.31%"
"2020-3-27","0.007260","0.007430","0.007580","0.007200","1.12M","-2.02%"
"2020-3-26","0.007410","0.007530","0.007620","0.007320","1.21M","-1.98%"
"2020-3-25","0.007560","0.007370","0.007560","0.007120","1.45M","4.13%"
"2020-3-24","0.007260","0.007370","0.007480","0.006940","1.35M","-2.16%"
"2020-3-23","0.007420","0.007470","0.007480","0.007130","1.22M","0.13%"
"2020-3-22","0.007410","0.007550","0.007890","0.007350","1.10M","-2.76%"
"2020-3-21","0.007620","0.007450","0.008570","0.007210","1.53M","1.06%"
"2020-3-20","0.007540","0.007410","0.008000","0.007130","1.26M","2.03%"
"2020-3-19","0.007390","0.007580","0.008440","0.007260","1.28M","-3.02%"
"2020-3-18","0.007620","0.007840","0.007850","0.007510","1.44M","-1.93%"
"2020-3-17","0.007770","0.007410","0.009290","0.007300","939.14K","4.72%"
"2020-3-16","0.007420","0.007460","0.007580","0.007040","108.79K","-0.54%"
"2020-3-15","0.007460","0.006840","0.009100","0.006710","102.83K","11.01%"
"2020-3-14","0.006720","0.006460","0.007080","0.006320","101.25K","4.02%"
"2020-3-13","0.006460","0.006720","0.007400","0.005930","119.89K","-3.73%"
"2020-3-12","0.006710","0.007070","0.007180","0.006330","134.36K","-5.09%"
"2020-3-11","0.007070","0.007190","0.007230","0.006940","83.42K","-1.67%"
"2020-3-10","0.007190","0.007270","0.007290","0.007000","79.14K","-1.10%"
"2020-3-9","0.007270","0.007440","0.007480","0.007040","99.12K","-1.49%"
"2020-3-8","0.007380","0.007140","0.007460","0.007090","90.08K","3.36%"
"2020-3-7","0.007140","0.007290","0.007850","0.006750","91.66K","-2.06%"
"2020-3-6","0.007290","0.007760","0.007850","0.007260","98.64K","-6.06%"
"2020-3-5","0.007760","0.007710","0.007860","0.007600","85.53K","0.65%"
"2020-3-4","0.007710","0.007750","0.007980","0.007610","91.29K","-0.52%"
"2020-3-3","0.007750","0.007840","0.007920","0.007640","74.20K","-1.65%"
"2020-3-2","0.007880","0.008000","0.008050","0.007720","90.99K","-0.51%"
"2020-3-1","0.007920","0.007590","0.008670","0.007590","81.65K","4.35%"
"2020-2-29","0.007590","0.007200","0.007600","0.007150","64.93K","5.42%"
"2020-2-28","0.007200","0.007230","0.007800","0.007100","73.62K","-0.41%"
"2020-2-27","0.007230","0.006970","0.007680","0.006720","104.67K","3.73%"
"2020-2-26","0.006970","0.006980","0.007040","0.006430","92.92K","-0.14%"
"2020-2-25","0.006980","0.007190","0.007240","0.006800","87.52K","-3.59%"
"2020-2-24","0.007240","0.007300","0.007600","0.007120","70.66K","-0.82%"
"2020-2-23","0.007300","0.007400","0.007500","0.007300","41.60K","-1.35%"
"2020-2-22","0.007400","0.007400","0.007700","0.007200","43.58K","0.00%"
"2020-2-21","0.007400","0.007500","0.007800","0.007400","66.07K","-1.33%"
"2020-2-20","0.007500","0.007800","0.008000","0.007400","88.49K","-3.85%"
"2020-2-19","0.007800","0.007900","0.008100","0.007500","88.75K","-1.27%"
"2020-2-18","0.007900","0.008100","0.009000","0.007500","55.31K","-1.25%"
"2020-2-17","0.008000","0.008200","0.008200","0.007600","69.91K","-2.44%"
"2020-2-16","0.008200","0.008500","0.009100","0.007800","84.93K","-3.53%"
"2020-2-15","0.008500","0.008400","0.009800","0.007700","109.58K","1.19%"
"2020-2-14","0.008400","0.007000","0.009800","0.006900","108.89K","20.00%"
"2020-2-13","0.007000","0.007100","0.009200","0.006700","62.58K","-1.41%"
"2020-2-12","0.007100","0.006900","0.008400","0.006700","87.77K","2.90%"
"2020-2-11","0.006900","0.007000","0.007100","0.006800","35.71K","-1.43%"
"2020-2-10","0.007000","0.006800","0.007600","0.006800","46.52K","2.94%"
"2020-2-9","0.006800","0.006500","0.006900","0.006400","36.07K","4.62%"
"2020-2-8","0.006500","0.006500","0.006700","0.006200","44.96K","0.00%"
"2020-2-7","0.006500","0.006900","0.006900","0.006400","66.18K","-5.80%"
"2020-2-6","0.006900","0.007300","0.007400","0.006700","63.58K","-4.17%"
"2020-2-5","0.007200","0.007100","0.008100","0.006900","60.70K","1.41%"
"2020-2-4","0.007100","0.006700","0.007200","0.006700","41.59K","5.97%"
"2020-2-3","0.006700","0.006800","0.006900","0.006600","45.13K","-1.47%"
"2020-2-2","0.006800","0.006900","0.007200","0.006700","48.31K","-1.45%"
"2020-2-1","0.006900","0.006900","0.007100","0.006900","47.92K","0.00%"
"2020-1-31","0.006900","0.006400","0.007100","0.006300","48.66K","7.81%"
"2020-1-30","0.006400","0.006500","0.006700","0.006300","42.17K","-1.54%"
"2020-1-29","0.006500","0.006400","0.006800","0.006200","41.39K","1.56%"
"2020-1-28","0.006400","0.006400","0.006400","0.006300","38.03K","0.00%"
"2020-1-27","0.006400","0.006700","0.006800","0.006400","31.44K","-4.48%"
"2020-1-26","0.006700","0.006900","0.006900","0.006600","42.61K","-2.90%"
"2020-1-25","0.006900","0.006900","0.007000","0.006800","49.58K","0.00%"
"2020-1-24","0.006900","0.006800","0.006900","0.006800","48.77K","1.47%"
"2020-1-23","0.006800","0.006800","0.006800","0.006500","38.24K","0.00%"
"2020-1-22","0.006800","0.006700","0.007000","0.006700","37.21K","1.49%"
"2020-1-21","0.006700","0.006700","0.007000","0.006600","24.57K","0.00%"
"2020-1-20","0.006700","0.006800","0.006900","0.006600","45.00K","-1.47%"
"2020-1-19","0.006800","0.007200","0.007300","0.006700","44.73K","-5.56%"
"2020-1-18","0.007200","0.008500","0.008500","0.006900","63.56K","-7.69%"
"2020-1-17","0.007800","0.006600","0.009100","0.006500","47.92K","18.18%"
"2020-1-16","0.006600","0.006600","0.006600","0.006400","41.65K","0.00%"
"2020-1-15","0.006600","0.006500","0.006800","0.006400","44.43K","0.00%"
"2020-1-14","0.006600","0.006600","0.006900","0.006300","33.98K","0.00%"
"2020-1-13","0.006600","0.006700","0.006800","0.006600","26.79K","-1.49%"
"2020-1-12","0.006700","0.006800","0.006800","0.006700","36.58K","-1.47%"
"2020-1-11","0.006800","0.006600","0.006800","0.006600","36.06K","1.49%"
"2020-1-10","0.006700","0.006700","0.006900","0.006500","32.50K","0.00%"
"2020-1-9","0.006700","0.006900","0.006900","0.006600","39.91K","-2.90%"
"2020-1-8","0.006900","0.006900","0.007200","0.006800","37.27K","0.00%"
"2020-1-7","0.006900","0.007000","0.007100","0.006900","58.50K","-1.43%"
"2020-1-6","0.007000","0.006900","0.007100","0.006800","53.58K","1.45%"
"2020-1-5","0.006900","0.007000","0.007000","0.006900","43.03K","-1.43%"
"2020-1-4","0.007000","0.007000","0.007100","0.007000","38.24K","0.00%"
"2020-1-3","0.007000","0.007000","0.007100","0.006800","50.30K","0.00%"
"2020-1-2","0.007000","0.007100","0.007200","0.007000","49.99K","-1.41%"
"2020-1-1","0.007100","0.007000","0.007200","0.007000","49.14K","1.43%"
"2019-12-31","0.007000","0.007100","0.007200","0.007000","45.67K","-1.41%"
"2019-12-30","0.007100","0.007200","0.007200","0.007100","43.59K","-1.39%"
"2019-12-29","0.007200","0.007400","0.007500","0.007100","51.93K","-2.70%"
"2019-12-28","0.007400","0.007500","0.007600","0.007300","55.03K","-1.33%"
"2019-12-27","0.007500","0.007500","0.007600","0.007400","40.53K","0.00%"
"2019-12-26","0.007500","0.007600","0.007600","0.007500","49.85K","-1.32%"
"2019-12-25","0.007600","0.007700","0.007900","0.007500","35.20K","-1.30%"
"2019-12-24","0.007700","0.007700","0.007900","0.007600","35.30K","0.00%"
"2019-12-23","0.007700","0.007400","0.008000","0.007400","29.88K","4.05%"
"2019-12-22","0.007400","0.007500","0.007600","0.007400","10.55K","-1.33%"
"2019-12-21","0.007500","0.007600","0.007600","0.007500","8.13K","-1.32%"
"2019-12-20","0.007600","0.007600","0.007600","0.007500","41.25K","0.00%"
"2019-12-19","0.007600","0.007400","0.007700","0.007400","36.10K","2.70%"
"2019-12-18","0.007400","0.007300","0.007500","0.007300","47.05K","1.37%"
"2019-12-17","0.007300","0.007300","0.007400","0.007000","61.48K","0.00%"
"2019-12-16","0.007300","0.007100","0.007500","0.007100","16.43K","1.39%"
"2019-12-15","0.007200","0.007300","0.007300","0.007100","45.91K","-1.37%"
"2019-12-14","0.007300","0.007300","0.007400","0.007200","43.17K","0.00%"
"2019-12-13","0.007300","0.007200","0.007400","0.007100","51.77K","1.39%"
"2019-12-12","0.007200","0.007200","0.007300","0.007200","45.85K","0.00%"
"2019-12-11","0.007200","0.007000","0.007200","0.007000","36.22K","2.86%"
"2019-12-10","0.007000","0.007200","0.007200","0.007000","47.32K","-2.78%"
"2019-12-9","0.007200","0.007300","0.007400","0.007200","13.64K","-1.37%"
"2019-12-8","0.007300","0.007300","0.007400","0.007200","47.64K","1.39%"
"2019-12-7","0.007200","0.007100","0.007300","0.007100","58.47K","1.41%"
"2019-12-6","0.007100","0.007100","0.007200","0.007100","6.09K","0.00%"
"2019-12-5","0.007100","0.007000","0.007100","0.007000","24.43K","1.43%"
"2019-12-4","0.007000","0.007200","0.007200","0.007000","51.34K","-2.78%"
"2019-12-3","0.007200","0.007400","0.007400","0.007200","27.17K","-2.70%"
"2019-12-2","0.007400","0.007300","0.007600","0.007300","29.36K","1.37%"
"2019-12-1","0.007300","0.007400","0.007500","0.007300","27.75K","-1.35%"
"2019-11-30","0.007400","0.007400","0.007500","0.007200","20.58K","0.00%"
"2019-11-29","0.007400","0.007200","0.007400","0.007100","24.75K","2.78%"
"2019-11-28","0.007200","0.007300","0.007700","0.007100","24.39K","-1.37%"
"2019-11-27","0.007300","0.007100","0.007700","0.007100","21.26K","2.82%"
"2019-11-26","0.007100","0.007300","0.007300","0.007100","15.23K","-2.74%"
"2019-11-25","0.007300","0.007100","0.007300","0.006600","26.80K","2.82%"
"2019-11-24","0.007100","0.007200","0.007200","0.006800","9.40K","-1.39%"
"2019-11-23","0.007200","0.007200","0.007300","0.007100","26.06K","0.00%"
"2019-11-22","0.007200","0.007400","0.007400","0.007000","24.74K","-2.70%"
"2019-11-21","0.007400","0.007400","0.007500","0.007100","32.27K","0.00%"
"2019-11-20","0.007400","0.007600","0.007800","0.007300","35.16K","-2.63%"
"2019-11-19","0.007600","0.008000","0.008000","0.007400","25.95K","-5.00%"
"2019-11-18","0.008000","0.008200","0.008300","0.007900","36.47K","-2.44%"
"2019-11-17","0.008200","0.008300","0.008500","0.008100","29.59K","-1.20%"
"2019-11-16","0.008300","0.008300","0.008300","0.008100","35.56K","0.00%"
"2019-11-15","0.008300","0.008100","0.008300","0.007900","33.46K","2.47%"
"2019-11-14","0.008100","0.008400","0.008600","0.008000","30.65K","-3.57%"
"2019-11-13","0.008400","0.008200","0.008800","0.008100","34.05K","2.44%"
"2019-11-12","0.008200","0.007900","0.009400","0.007700","27.77K","3.80%"
"2019-11-11","0.007900","0.007900","0.008900","0.007700","31.19K","0.00%"
"2019-11-10","0.007900","0.008100","0.008200","0.007700","34.02K","-2.47%"
"2019-11-9","0.008100","0.007900","0.008200","0.007800","35.61K","2.53%"
"2019-11-8","0.007900","0.008100","0.008800","0.007900","32.31K","-3.66%"
"2019-11-7","0.008200","0.007900","0.010300","0.007600","16.98K","3.80%"
"2019-11-6","0.007900","0.008300","0.008300","0.007900","2.23K","-4.82%"
"2019-11-5","0.008300","0.008600","0.008600","0.008300","1.35K","-3.49%"
"2019-11-4","0.008600","0.008700","0.008700","0.008300","2.06K","-1.15%"
"2019-11-3","0.008700","0.008800","0.008800","0.008600","0.09K","-1.14%"
"2019-11-2","0.008800","0.008700","0.008900","0.008700","0.06K","1.15%"
"2019-11-1","0.008700","0.009400","0.009400","0.008700","0.24K","-6.45%"
"2019-10-31","0.009300","0.009600","0.009600","0.008900","1.08K","-3.13%"
"2019-10-30","0.009600","0.009100","0.009600","0.008500","1.49K","5.49%"
"2019-10-29","0.009100","0.008100","0.009900","0.008100","2.07K","12.35%"
"2019-10-28","0.008100","0.008200","0.009600","0.008000","0.88K","-1.22%"
"2019-10-27","0.008200","0.007600","0.009100","0.007500","2.72K","9.33%"
"2019-10-26","0.007500","0.006800","0.007600","0.006600","1.16K","10.29%"
"2019-10-25","0.006800","0.007000","0.007000","0.006700","0.75K","-2.86%"
"2019-10-24","0.007000","0.007000","0.007000","0.006900","0.07K","0.00%"
"2019-10-23","0.007000","0.007100","0.007100","0.006900","1.07K","0.00%"
"2019-10-22","0.007000","0.007100","0.007100","0.007000","","-1.41%"
"2019-10-21","0.007100","0.007000","0.007100","0.007000","0.15K","0.00%"
"2019-10-20","0.007100","0.007200","0.007200","0.007000","0.06K","-1.39%"
"2019-10-19","0.007200","0.007300","0.007400","0.007200","0.19K","-1.37%"
"2019-10-18","0.007300","0.007600","0.007600","0.007200","0.25K","-3.95%"
"2019-10-17","0.007600","0.007400","0.009100","0.007400","2.59K","2.70%"
"2019-10-16","0.007400","0.007600","0.007700","0.006900","0.69K","-2.63%"
"2019-10-15","0.007600","0.007000","0.007600","0.007000","0.39K","8.57%"
"2019-10-14","0.007000","0.007000","0.007100","0.006900","0.33K","0.00%"
"2019-10-13","0.007000","0.007100","0.007100","0.007000","0.03K","-1.41%"
"2019-10-12","0.007100","0.006800","0.007400","0.006800","0.20K","4.41%"
"2019-10-11","0.006800","0.006500","0.006800","0.006300","1.17K","4.62%"
"2019-10-10","0.006500","0.006600","0.006800","0.006500","0.11K","-1.52%"
"2019-10-9","0.006600","0.006900","0.006900","0.006600","0.48K","-4.35%"
"2019-10-8","0.006900","0.006900","0.006900","0.006800","0.07K","0.00%"
"2019-10-7","0.006900","0.007000","0.007000","0.006900","0.22K","-1.43%"
"2019-10-6","0.007000","0.007100","0.007300","0.006900","0.26K","-1.41%"
"2019-10-5","0.007100","0.007100","0.007100","0.007100","","1.43%"
"2019-10-4","0.007000","0.007100","0.007100","0.007000","0.13K","-1.41%"
"2019-10-3","0.007100","0.006900","0.007100","0.006900","0.06K","2.90%"
"2019-10-2","0.006900","0.007000","0.007100","0.006900","0.14K","-1.43%"
"2019-10-1","0.007000","0.006600","0.007000","0.006600","0.12K","6.06%"
"2019-9-30","0.006600","0.006800","0.007000","0.006600","0.45K","-2.94%"
"2019-9-29","0.006800","0.006600","0.007000","0.006300","0.88K","3.03%"
"2019-9-28","0.006600","0.006300","0.007300","0.006300","2.65K","4.76%"
"2019-9-27","0.006300","0.006300","0.006400","0.006100","0.68K","0.00%"
"2019-9-26","0.006300","0.006400","0.006500","0.006300","4.75K","-1.56%"
"2019-9-25","0.006400","0.006300","0.006400","0.006200","6.48K","1.59%"
"2019-9-24","0.006300","0.006300","0.006600","0.006100","5.91K","0.00%"
"2019-9-23","0.006300","0.006300","0.006400","0.006200","0.19K","0.00%"
"2019-9-22","0.006300","0.006400","0.006500","0.006300","0.09K","-1.56%"
"2019-9-21","0.006400","0.006400","0.006400","0.006400","","0.00%"
"2019-9-20","0.006400","0.006500","0.006600","0.006400","0.37K","-1.54%"
"2019-9-19","0.006500","0.006800","0.006900","0.006400","0.66K","-4.41%"
"2019-9-18","0.006800","0.006500","0.006800","0.006400","0.70K","3.03%"
"2019-9-17","0.006600","0.006700","0.006700","0.006400","0.71K","-1.49%"
"2019-9-16","0.006700","0.007000","0.007000","0.006700","0.16K","-5.63%"
"2019-9-15","0.007100","0.007100","0.007100","0.007100","","0.00%"
"2019-9-14","0.007100","0.007100","0.007200","0.007000","0.28K","0.00%"
"2019-9-13","0.007100","0.007100","0.007200","0.007100","0.03K","0.00%"
"2019-9-12","0.007100","0.007300","0.007300","0.007100","0.09K","-2.74%"
"2019-9-11","0.007300","0.007400","0.007500","0.007300","0.46K","-3.95%"
"2019-9-10","0.007600","0.007800","0.007800","0.007600","0.10K","-2.56%"
"2019-9-9","0.007800","0.007900","0.007900","0.007600","0.27K","-1.27%"
"2019-9-8","0.007900","0.007800","0.007900","0.007700","0.55K","1.28%"
"2019-9-7","0.007800","0.008100","0.008100","0.007700","0.56K","-3.70%"
"2019-9-6","0.008100","0.008000","0.008100","0.007900","0.48K","1.25%"
"2019-9-5","0.008000","0.008100","0.008200","0.008000","0.04K","0.00%"
"2019-9-4","0.008000","0.008000","0.008000","0.008000","","0.00%"
"2019-9-3","0.008000","0.008100","0.008300","0.007900","0.46K","-1.23%"
"2019-9-2","0.008100","0.008600","0.008600","0.008000","0.71K","-5.81%"
"2019-9-1","0.008600","0.008500","0.008600","0.008400","0.12K","1.18%"
"2019-8-31","0.008500","0.008700","0.008700","0.008500","0.02K","-2.30%"
"2019-8-30","0.008700","0.008700","0.008700","0.008700","","0.00%"
"2019-8-29","0.008700","0.008700","0.008700","0.008600","0.63K","0.00%"
"2019-8-28","0.008700","0.008900","0.008900","0.008500","1.45K","-2.25%"
"2019-8-27","0.008900","0.009100","0.009100","0.008800","0.04K","-2.20%"
"2019-8-26","0.009100","0.009100","0.009100","0.008900","0.44K","0.00%"
"2019-8-25","0.009100","0.009200","0.009700","0.009100","0.45K","-1.09%"
"2019-8-24","0.009200","0.008700","0.009300","0.008700","0.76K","5.75%"
"2019-8-23","0.008700","0.008600","0.008700","0.008500","0.15K","2.35%"
"2019-8-22","0.008500","0.008300","0.008500","0.008300","0.81K","0.00%"
"2019-8-21","0.008500","0.008400","0.008500","0.008400","1.94K","2.41%"
"2019-8-20","0.008300","0.008400","0.008500","0.008200","0.61K","-1.19%"
"2019-8-19","0.008400","0.008400","0.008500","0.008300","0.56K","0.00%"
"2019-8-18","0.008400","0.008700","0.008700","0.008100","1.51K","-3.45%"
"2019-8-17","0.008700","0.009000","0.009000","0.008700","0.11K","-3.33%"
"2019-8-16","0.009000","0.009000","0.009000","0.008800","0.78K","0.00%"
"2019-8-15","0.009000","0.008700","0.009000","0.008700","3.04K","4.65%"
"2019-8-14","0.008600","0.008500","0.009000","0.008500","2.33K","1.18%"
"2019-8-13","0.008500","0.008600","0.008700","0.008500","0.14K","-1.16%"
"2019-8-12","0.008600","0.008700","0.008700","0.008400","0.19K","-1.15%"
"2019-8-11","0.008700","0.008800","0.008800","0.008500","0.07K","-1.14%"
"2019-8-10","0.008800","0.008500","0.008900","0.008400","0.59K","2.33%"
"2019-8-9","0.008600","0.008800","0.009100","0.008500","0.53K","-2.27%"
"2019-8-8","0.008800","0.008800","0.008800","0.008600","0.44K","-1.12%"
"2019-8-7","0.008900","0.008700","0.009100","0.008500","1.02K","4.71%"
"2019-8-6","0.008500","0.008700","0.008800","0.008500","0.42K","-2.30%"
"2019-8-5","0.008700","0.009200","0.009200","0.008700","0.85K","-5.43%"
"2019-8-4","0.009200","0.009200","0.009400","0.009200","0.14K","0.00%"
"2019-8-3","0.009200","0.009500","0.009500","0.009200","0.44K","-4.17%"
"2019-8-2","0.009600","0.009600","0.009700","0.009500","0.41K","0.00%"
"2019-8-1","0.009600","0.010000","0.010200","0.009400","0.49K","-4.00%"
"2019-7-31","0.010000","0.010300","0.010400","0.010000","0.46K","-2.91%"
"2019-7-30","0.010300","0.010300","0.010400","0.010200","0.42K","0.98%"
"2019-7-29","0.010200","0.009900","0.010300","0.009800","1.43K","2.00%"
"2019-7-28","0.010000","0.010100","0.010200","0.010000","0.72K","-0.99%"
"2019-7-27","0.010100","0.010200","0.010300","0.010000","0.30K","0.00%"
"2019-7-26","0.010100","0.010100","0.010200","0.010100","0.05K","0.00%"
"2019-7-25","0.010100","0.010100","0.010200","0.009900","0.37K","0.00%"
"2019-7-24","0.010100","0.010300","0.010800","0.010000","1.16K","-1.94%"
"2019-7-23","0.010300","0.010500","0.010900","0.010200","0.35K","-0.96%"
"2019-7-22","0.010400","0.010200","0.010700","0.010100","0.33K","1.96%"
"2019-7-21","0.010200","0.010400","0.010400","0.010100","0.51K","-1.92%"
"2019-7-20","0.010400","0.010600","0.010600","0.010100","0.19K","-1.89%"
"2019-7-19","0.010600","0.010200","0.011300","0.010200","0.73K","3.92%"
"2019-7-18","0.010200","0.009700","0.010400","0.009600","1.38K","5.15%"
"2019-7-17","0.009700","0.009800","0.010200","0.009500","1.71K","-1.02%"
"2019-7-16","0.009800","0.009900","0.010200","0.009700","1.20K","-1.01%"
"2019-7-15","0.009900","0.009800","0.010600","0.009800","1.83K","1.02%"
"2019-7-14","0.009800","0.009700","0.010100","0.009500","1.09K","1.03%"
"2019-7-13","0.009700","0.010000","0.010000","0.009600","0.21K","-2.02%"
"2019-7-12","0.009900","0.009500","0.010200","0.009500","0.54K","3.12%"
"2019-7-11","0.009600","0.009700","0.010000","0.009400","0.64K","-1.03%"
"2019-7-10","0.009700","0.009900","0.010100","0.009400","1.11K","-1.02%"
"2019-7-9","0.009800","0.010100","0.010100","0.009600","0.70K","-2.97%"
"2019-7-8","0.010100","0.010400","0.010500","0.010100","0.95K","-2.88%"
"2019-7-7","0.010400","0.010700","0.011000","0.010100","1.50K","-2.80%"
"2019-7-6","0.010700","0.010600","0.010700","0.010500","0.48K","1.90%"
"2019-7-5","0.010500","0.011000","0.011000","0.010500","0.55K","-4.55%"
"2019-7-4","0.011000","0.010800","0.011000","0.010500","0.71K","1.85%"
"2019-7-3","0.010800","0.011000","0.011100","0.010700","0.75K","-1.82%"
"2019-7-2","0.011000","0.010900","0.011400","0.010900","0.53K","0.92%"
"2019-7-1","0.010900","0.010900","0.011200","0.010800","0.19K","0.00%"
"2019-6-30","0.010900","0.010800","0.011100","0.010800","1.19K","0.93%"
"2019-6-29","0.010800","0.011300","0.011500","0.010800","0.34K","-4.42%"
"2019-6-28","0.011300","0.011400","0.011900","0.011100","1.59K","0.00%"
"2019-6-27","0.011300","0.010400","0.011600","0.010100","7.06K","8.65%"
"2019-6-26","0.010400","0.012100","0.012200","0.010100","4.00K","-14.75%"
"2019-6-25","0.012200","0.011400","0.012300","0.011300","0.57K","7.02%"
"2019-6-24","0.011400","0.011100","0.011700","0.011100","0.27K","2.70%"
"2019-6-23","0.011100","0.011400","0.011600","0.010900","1.03K","-3.48%"
"2019-6-22","0.011500","0.011200","0.012900","0.010500","3.80K","3.60%"
"2019-6-21","0.011100","0.011900","0.011900","0.011000","0.47K","-6.72%"
"2019-6-20","0.011900","0.012200","0.012400","0.011800","0.21K","-2.46%"
"2019-6-19","0.012200","0.011900","0.012800","0.011900","0.86K","2.52%"
"2019-6-18","0.011900","0.012100","0.013400","0.011700","1.13K","-0.83%"
"2019-6-17","0.012000","0.012700","0.012700","0.012000","0.71K","-5.51%"
"2019-6-16","0.012700","0.012400","0.013100","0.012100","0.28K","2.42%"
"2019-6-15","0.012400","0.012000","0.013000","0.011900","1.27K","4.20%"
"2019-6-14","0.011900","0.012300","0.013000","0.011900","0.62K","-3.25%"
"2019-6-13","0.012300","0.012200","0.012500","0.012200","0.81K","0.82%"
"2019-6-12","0.012200","0.012700","0.012900","0.012200","0.22K","-3.94%"
"2019-6-11","0.012700","0.012800","0.012900","0.012600","0.07K","-0.78%"
"2019-6-10","0.012800","0.012900","0.013300","0.012700","0.23K","-0.78%"
"2019-6-9","0.012900","0.013300","0.013500","0.012600","0.61K","-3.01%"
"2019-6-8","0.013300","0.011900","0.014400","0.011900","6.70K","11.76%"
"2019-6-7","0.011900","0.011500","0.012100","0.011500","0.69K","2.59%"
"2019-6-6","0.011600","0.011800","0.012100","0.011600","0.87K","-1.69%"
"2019-6-5","0.011800","0.011800","0.012000","0.011700","0.28K","0.00%"
"2019-6-4","0.011800","0.012400","0.012500","0.011800","1.67K","-4.84%"
"2019-6-3","0.012400","0.012600","0.012800","0.012300","0.46K","-1.59%"
"2019-6-2","0.012600","0.012600","0.012600","0.012500","0.17K","0.00%"
"2019-6-1","0.012600","0.012400","0.012700","0.012100","0.41K","1.61%"
"2019-5-31","0.012400","0.012600","0.012700","0.012300","0.32K","-1.59%"
"2019-5-30","0.012600","0.013000","0.013100","0.012200","0.83K","-3.08%"
"2019-5-29","0.013000","0.012000","0.013200","0.012000","1.18K","8.33%"
"2019-5-28","0.012000","0.012000","0.012100","0.011500","0.58K","0.00%"
"2019-5-27","0.012000","0.011400","0.013400","0.011400","2.49K","5.26%"
"2019-5-26","0.011400","0.012300","0.013000","0.011400","0.67K","-6.56%"
"2019-5-25","0.012200","0.012500","0.012800","0.011900","0.68K","-2.40%"
"2019-5-24","0.012500","0.011900","0.014300","0.011900","0.82K","5.04%"
"2019-5-23","0.011900","0.011400","0.013900","0.011200","2.27K","4.39%"
"2019-5-22","0.011400","0.011000","0.011500","0.010700","0.72K","3.64%"
"2019-5-21","0.011000","0.010800","0.011500","0.010600","0.45K","1.85%"
"2019-5-20","0.010800","0.010200","0.011300","0.010200","0.95K","5.88%"
"2019-5-19","0.010200","0.011000","0.011100","0.010100","0.53K","-7.27%"
"2019-5-18","0.011000","0.011000","0.012000","0.010900","0.52K","0.00%"
"2019-5-17","0.011000","0.011000","0.011300","0.010800","1.30K","0.00%"
"2019-5-16","0.011000","0.012500","0.012500","0.010800","2.25K","-12.70%"
"2019-5-15","0.012600","0.012700","0.013600","0.012300","1.99K","-0.79%"
"2019-5-14","0.012700","0.013100","0.013300","0.012500","0.61K","-3.05%"
"2019-5-13","0.013100","0.013100","0.014000","0.012900","0.99K","0.00%"
"2019-5-12","0.013100","0.013700","0.013900","0.012900","1.35K","-3.68%"
"2019-5-11","0.013600","0.013400","0.014000","0.012500","0.88K","1.49%"
"2019-5-10","0.013400","0.013000","0.013800","0.012800","1.36K","3.88%"
"2019-5-9","0.012900","0.014100","0.014200","0.012900","1.25K","-8.51%"
"2019-5-8","0.014100","0.014500","0.014500","0.013800","0.34K","-1.40%"
"2019-5-7","0.014300","0.014400","0.014400","0.014000","0.31K","-0.69%"
"2019-5-6","0.014400","0.015300","0.015300","0.014300","0.41K","-5.88%"
"2019-5-5","0.015300","0.015500","0.015600","0.015300","0.10K","-1.92%"
"2019-5-4","0.015600","0.016000","0.016300","0.015300","0.30K","-2.50%"
"2019-5-3","0.016000","0.017100","0.017200","0.015800","0.40K","-6.43%"
"2019-5-2","0.017100","0.016800","0.017600","0.016600","0.58K","1.79%"
"2019-5-1","0.016800","0.016300","0.016800","0.016300","0.11K","3.07%"
"2019-4-30","0.016300","0.016700","0.016900","0.016200","0.21K","-2.40%"
"2019-4-29","0.016700","0.016100","0.017100","0.016100","0.78K","3.73%"
"2019-4-28","0.016100","0.016600","0.016700","0.016000","0.11K","-3.01%"
"2019-4-27","0.016600","0.016400","0.017100","0.016300","0.48K","1.22%"
"2019-4-26","0.016400","0.017000","0.017100","0.016300","0.51K","-3.53%"
"2019-4-25","0.017000","0.016600","0.017500","0.016500","1.04K","4.29%"
"2019-4-24","0.016300","0.016900","0.016900","0.016200","0.53K","-3.55%"
"2019-4-23","0.016900","0.017900","0.017900","0.016800","0.59K","-5.59%"
"2019-4-22","0.017900","0.017900","0.018100","0.017700","0.30K","0.00%"
"2019-4-21","0.017900","0.018300","0.018400","0.017500","0.20K","-2.19%"
"2019-4-20","0.018300","0.018400","0.018400","0.018100","0.16K","-0.54%"
"2019-4-19","0.018400","0.018700","0.018700","0.018300","0.11K","-1.60%"
"2019-4-18","0.018700","0.019100","0.019200","0.018200","0.20K","-2.09%"
"2019-4-17","0.019100","0.018800","0.021500","0.018800","0.88K","2.14%"
"2019-4-16","0.018700","0.018900","0.019000","0.018600","0.94K","-1.06%"
"2019-4-15","0.018900","0.019000","0.019300","0.018600","1.03K","-0.53%"
"2019-4-14","0.019000","0.018900","0.019400","0.018700","0.45K","0.53%"
"2019-4-13","0.018900","0.018700","0.019100","0.018700","0.23K","1.07%"
"2019-4-12","0.018700","0.018700","0.019100","0.018300","0.30K","0.00%"
"2019-4-11","0.018700","0.019000","0.019100","0.018200","1.37K","-1.58%"
"2019-4-10","0.019000","0.019400","0.019600","0.019000","0.54K","-2.56%"
"2019-4-9","0.019500","0.019400","0.019600","0.019000","0.57K","0.52%"
"2019-4-8","0.019400","0.020600","0.020600","0.019100","0.44K","-5.83%"
"2019-4-7","0.020600","0.021200","0.021400","0.020500","0.22K","-3.29%"
"2019-4-6","0.021300","0.022200","0.022900","0.021100","1.27K","-4.05%"
"2019-4-5","0.022200","0.021500","0.022300","0.021400","1.44K","4.23%"
"2019-4-4","0.021300","0.021000","0.022400","0.020900","1.32K","1.91%"
"2019-4-3","0.020900","0.019600","0.021800","0.019100","3.95K","6.63%"
"2019-4-2","0.019600","0.020800","0.021400","0.019500","3.44K","-5.31%"
"2019-4-1","0.020700","0.020800","0.020900","0.020600","0.26K","-0.48%"
"2019-3-31","0.020800","0.020600","0.020900","0.020400","0.10K","0.97%"
"2019-3-30","0.020600","0.020800","0.020800","0.020300","0.17K","-0.96%"
"2019-3-29","0.020800","0.021300","0.021400","0.020500","0.16K","-2.35%"
"2019-3-28","0.021300","0.020500","0.021500","0.020200","0.38K","4.41%"
"2019-3-27","0.020400","0.020200","0.020700","0.020200","0.13K","0.99%"
"2019-3-26","0.020200","0.019900","0.020600","0.019800","0.20K","1.51%"
"2019-3-25","0.019900","0.020300","0.020300","0.019900","0.02K","-1.97%"
"2019-3-24","0.020300","0.020400","0.020600","0.020100","0.02K","-0.49%"
"2019-3-23","0.020400","0.020800","0.020800","0.020200","0.05K","-1.92%"
"2019-3-22","0.020800","0.020800","0.022300","0.020000","1.77K","5.05%"
"2019-3-21","0.019800","0.020400","0.020400","0.019300","0.55K","-1.49%"
"2019-3-20","0.020100","0.019400","0.021400","0.019100","2.17K","3.61%"
"2019-3-19","0.019400","0.019100","0.019500","0.019000","0.34K","1.57%"
"2019-3-18","0.019100","0.019200","0.019200","0.018800","0.35K","-0.52%"
"2019-3-17","0.019200","0.019200","0.019400","0.019100","0.27K","0.52%"
"2019-3-16","0.019100","0.020000","0.020400","0.019100","0.85K","-4.50%"
"2019-3-15","0.020000","0.020900","0.020900","0.020000","0.09K","-4.31%"
"2019-3-14","0.020900","0.021100","0.021100","0.020000","0.54K","-0.48%"
"2019-3-13","0.021000","0.019300","0.023500","0.019300","4.31K","8.81%"
"2019-3-12","0.019300","0.018531","0.019700","0.018261","1.05K","4.05%"
"2019-3-11","0.018549","0.017962","0.019884","0.017914","1.40K","3.27%"
"2019-3-10","0.017962","0.017856","0.018158","0.017653","0.89K","0.59%"
"2019-3-9","0.017856","0.017805","0.018843","0.017752","1.64K","0.28%"
"2019-3-8","0.017805","0.017804","0.018066","0.017399","1.10K","0.01%"
"2019-3-7","0.017804","0.017331","0.017905","0.017278","1.43K","2.73%"
"2019-3-6","0.017331","0.017595","0.017692","0.017179","0.68K","-1.50%"
"2019-3-5","0.017595","0.018035","0.018301","0.017489","1.32K","-2.44%"
"2019-3-4","0.018035","0.018510","0.018510","0.017803","0.94K","-2.56%"
"2019-3-3","0.018510","0.018184","0.018584","0.018019","0.80K","1.79%"
"2019-3-2","0.018184","0.018071","0.018460","0.018007","0.74K","0.62%"
"2019-3-1","0.018071","0.017540","0.018233","0.017495","0.88K","3.03%"
"2019-2-28","0.017540","0.017788","0.017851","0.017382","1.24K","-1.39%"
"2019-2-27","0.017788","0.017966","0.018850","0.017697","1.06K","-0.99%"
"2019-2-26","0.017966","0.018090","0.018232","0.017875","1.25K","-0.69%"
"2019-2-25","0.018090","0.018672","0.018672","0.017331","2.07K","-3.12%"
"2019-2-24","0.018672","0.017807","0.018672","0.016719","4.50K","4.86%"
"2019-2-23","0.017807","0.017072","0.018957","0.016853","5.94K","4.31%"
"2019-2-22","0.017072","0.017333","0.017693","0.016974","1.51K","-1.51%"
"2019-2-21","0.017333","0.017539","0.017854","0.017268","1.95K","-1.20%"
"2019-2-20","0.017544","0.017176","0.018562","0.017176","2.40K","2.14%"
"2019-2-19","0.017176","0.016322","0.018183","0.016243","3.06K","-0.29%"
"2019-2-18","0.017227","0.020644","0.020644","0.016865","4.43K","-16.69%"
"2019-2-17","0.020678","0.017259","0.030614","0.017248","17.05K","19.81%"
"2019-2-16","0.017259","0.018103","0.019767","0.017231","4.68K","-4.51%"
"2019-2-15","0.018074","0.017031","0.018309","0.016820","2.47K","6.12%"
"2019-2-14","0.017031","0.017281","0.017321","0.016869","0.99K","-1.45%"
"2019-2-13","0.017281","0.017567","0.017635","0.017124","1.06K","-1.63%"
"2019-2-12","0.017568","0.017588","0.017865","0.017333","0.95K","-0.12%"
"2019-2-11","0.017588","0.016620","0.018012","0.016620","1.33K","5.83%"
"2019-2-10","0.016620","0.017281","0.017537","0.016620","1.31K","-3.83%"
"2019-2-9","0.017281","0.017126","0.017381","0.016918","1.02K","0.90%"
"2019-2-8","0.017126","0.018223","0.018842","0.016717","2.29K","-6.02%"
"2019-2-7","0.018223","0.017716","0.018223","0.017595","0.99K","2.86%"
"2019-2-6","0.017716","0.017824","0.018675","0.017698","1.13K","-0.60%"
"2019-2-5","0.017824","0.017879","0.018121","0.017806","0.76K","-0.31%"
"2019-2-4","0.017879","0.017756","0.018076","0.017648","0.81K","0.69%"
"2019-2-3","0.017756","0.017876","0.017908","0.017553","0.80K","-0.67%"
"2019-2-2","0.017876","0.017878","0.018177","0.017805","0.91K","-0.01%"
"2019-2-1","0.017878","0.017831","0.018068","0.017750","0.88K","0.26%"
"2019-1-31","0.017831","0.018039","0.018564","0.017644","0.86K","-1.15%"
"2019-1-30","0.018039","0.018457","0.018584","0.017965","1.48K","-2.27%"
"2019-1-29","0.018457","0.018073","0.018946","0.018073","1.20K","2.12%"
"2019-1-28","0.018073","0.018181","0.018618","0.017895","1.51K","-0.59%"
"2019-1-27","0.018181","0.018237","0.018350","0.017699","0.95K","-0.31%"
"2019-1-26","0.018237","0.018511","0.018563","0.018000","1.18K","-1.48%"
"2019-1-25","0.018511","0.018640","0.018695","0.018126","1.11K","-0.69%"
"2019-1-24","0.018640","0.018347","0.018731","0.018347","0.87K","1.60%"
"2019-1-23","0.018347","0.018457","0.018732","0.018286","1.79K","-0.60%"
"2019-1-22","0.018457","0.018148","0.018625","0.017964","1.38K","1.70%"
"2019-1-21","0.018148","0.018005","0.018283","0.017957","1.02K","0.79%"
"2019-1-20","0.018005","0.018358","0.018358","0.017611","1.78K","-1.37%"
"2019-1-19","0.018256","0.018293","0.018788","0.018074","2.60K","-0.20%"
"2019-1-18","0.018293","0.017859","0.018512","0.017593","1.61K","2.43%"
"2019-1-17","0.017859","0.017227","0.018877","0.017175","2.44K","3.38%"
"2019-1-16","0.017275","0.016784","0.017849","0.016784","2.36K","2.92%"
"2019-1-15","0.016784","0.016529","0.017153","0.016082","2.47K","1.54%"
"2019-1-14","0.016529","0.017021","0.017535","0.016423","2.19K","-2.89%"
"2019-1-13","0.017021","0.017076","0.017377","0.016921","1.78K","-0.32%"
"2019-1-12","0.017076","0.017230","0.017274","0.016670","1.37K","-0.90%"
"2019-1-11","0.017230","0.017117","0.017597","0.016720","1.40K","0.66%"
"2019-1-10","0.017117","0.017107","0.017686","0.016618","4.73K","0.06%"
"2019-1-9","0.017107","0.017177","0.017624","0.016870","2.30K","-0.41%"
"2019-1-8","0.017177","0.016000","0.017430","0.015984","2.18K","7.36%"
"2019-1-7","0.016000","0.015748","0.016465","0.015663","15.58K","1.60%"
"2019-1-6","0.015748","0.014696","0.016220","0.014682","3.70K","7.26%"
"2019-1-5","0.014682","0.014561","0.014832","0.014012","2.86K","0.83%"
"2019-1-4","0.014561","0.015161","0.015176","0.014438","2.11K","-4.42%"
"2019-1-3","0.015234","0.015519","0.015556","0.015099","1.82K","-1.84%"
"2019-1-2","0.015519","0.016323","0.017104","0.015283","2.61K","-5.02%"
"2019-1-1","0.016340","0.016098","0.017466","0.015904","1.96K","1.50%"
"2018-12-31","0.016098","0.016123","0.016498","0.015797","1.35K","-0.47%"
"2018-12-30","0.016174","0.016319","0.016973","0.015955","2.24K","-0.89%"
"2018-12-29","0.016319","0.016820","0.017070","0.015952","2.32K","-2.98%"
"2018-12-28","0.016820","0.017633","0.017867","0.016668","3.97K","-4.61%"
"2018-12-27","0.017633","0.017540","0.019126","0.017488","2.08K","0.53%"
"2018-12-26","0.017540","0.017984","0.018730","0.017192","2.45K","-2.47%"
"2018-12-25","0.017984","0.019248","0.019301","0.017417","4.47K","-6.57%"
"2018-12-24","0.019248","0.016966","0.021323","0.016015","7.87K","13.45%"
"2018-12-23","0.016966","0.017910","0.018016","0.015983","3.08K","-5.27%"
"2018-12-22","0.017910","0.018394","0.018619","0.017644","1.92K","-2.63%"
"2018-12-21","0.018394","0.018637","0.018842","0.016543","2.72K","-0.62%"
"2018-12-20","0.018508","0.018897","0.019183","0.017964","1.83K","-2.06%"
"2018-12-19","0.018897","0.019134","0.019925","0.018749","1.81K","-1.49%"
"2018-12-18","0.019182","0.019615","0.020086","0.019129","1.48K","-2.20%"
"2018-12-17","0.019615","0.019268","0.019981","0.019190","1.93K","1.80%"
"2018-12-16","0.019268","0.019188","0.019652","0.019017","1.38K","0.42%"
"2018-12-15","0.019188","0.019132","0.019299","0.019017","1.19K","0.29%"
"2018-12-14","0.019132","0.019305","0.019567","0.018848","1.30K","-0.89%"
"2018-12-13","0.019305","0.019303","0.019651","0.018867","1.34K","0.01%"
"2018-12-12","0.019303","0.019181","0.019514","0.018959","1.28K","0.58%"
"2018-12-11","0.019192","0.019874","0.019887","0.019192","1.72K","-3.43%"
"2018-12-10","0.019874","0.019791","0.020558","0.019594","3.92K","0.52%"
"2018-12-9","0.019771","0.019364","0.020165","0.019110","1.70K","1.57%"
"2018-12-8","0.019466","0.018958","0.020107","0.018455","1.67K","2.68%"
"2018-12-7","0.018958","0.020011","0.021119","0.018728","2.25K","-5.26%"
"2018-12-6","0.020011","0.020579","0.021430","0.019889","2.07K","-2.76%"
"2018-12-5","0.020579","0.020994","0.021442","0.020429","1.38K","-1.98%"
"2018-12-4","0.020994","0.020991","0.021371","0.020435","1.72K","0.01%"
"2018-12-3","0.020991","0.021269","0.021559","0.020805","1.42K","-1.31%"
"2018-12-2","0.021269","0.021052","0.022414","0.020865","2.42K","1.04%"
"2018-12-1","0.021052","0.020438","0.021366","0.020250","1.75K","3.00%"
"2018-11-30","0.020438","0.021963","0.022085","0.019713","1.94K","-6.95%"
"2018-11-29","0.021963","0.020829","0.022084","0.020620","2.64K","5.44%"
"2018-11-28","0.020829","0.019806","0.021559","0.019771","2.32K","5.17%"
"2018-11-27","0.019806","0.019655","0.020306","0.019595","1.52K","0.77%"
"2018-11-26","0.019655","0.019894","0.020490","0.018921","2.48K","-1.50%"
"2018-11-25","0.019954","0.020556","0.020724","0.019188","3.81K","-2.93%"
"2018-11-24","0.020556","0.021328","0.022021","0.019950","1.80K","-2.98%"
"2018-11-23","0.021187","0.020499","0.021498","0.019831","1.99K","3.98%"
"2018-11-22","0.020376","0.020521","0.020869","0.020251","1.38K","-0.70%"
"2018-11-21","0.020521","0.020183","0.020800","0.019707","2.35K","1.67%"
"2018-11-20","0.020183","0.020068","0.021116","0.017926","3.78K","0.58%"
"2018-11-19","0.020068","0.021186","0.021338","0.019268","2.93K","-5.56%"
"2018-11-18","0.021249","0.021439","0.021689","0.020952","1.33K","-0.89%"
"2018-11-17","0.021439","0.022024","0.022084","0.021120","2.08K","-2.66%"
"2018-11-16","0.022024","0.021123","0.023308","0.021123","2.51K","4.27%"
"2018-11-15","0.021123","0.022423","0.022771","0.020559","3.35K","-5.80%"
"2018-11-14","0.022423","0.022761","0.023033","0.021055","3.76K","-1.49%"
"2018-11-13","0.022761","0.023126","0.023446","0.022672","1.44K","-1.58%"
"2018-11-12","0.023126","0.023519","0.023799","0.022891","1.15K","-1.37%"
"2018-11-11","0.023446","0.023689","0.023971","0.023163","1.19K","-1.02%"
"2018-11-10","0.023689","0.023883","0.024020","0.023623","1.14K","-0.81%"
"2018-11-9","0.023883","0.024239","0.024289","0.023812","1.17K","-1.47%"
"2018-11-8","0.024239","0.024048","0.024596","0.023882","1.45K","0.79%"
"2018-11-7","0.024048","0.023807","0.024264","0.023623","1.40K","1.01%"
"2018-11-6","0.023807","0.024015","0.024598","0.023807","1.52K","-1.18%"
"2018-11-5","0.024090","0.025197","0.025197","0.023735","2.32K","-4.39%"
"2018-11-4","0.025197","0.025176","0.026377","0.024827","1.94K","0.08%"
"2018-11-3","0.025176","0.025277","0.025609","0.025126","0.91K","-0.40%"
"2018-11-2","0.025277","0.025426","0.025732","0.025126","1.40K","-0.58%"
"2018-11-1","0.025426","0.025204","0.025573","0.024981","1.16K","0.88%"
"2018-10-31","0.025204","0.025270","0.025379","0.024684","1.20K","-0.26%"
"2018-10-30","0.025270","0.025051","0.025348","0.024901","0.89K","0.88%"
"2018-10-29","0.025051","0.025429","0.025652","0.024680","0.67K","-1.49%"
"2018-10-28","0.025429","0.025579","0.025732","0.025276","0.71K","-0.59%"
"2018-10-27","0.025579","0.025587","0.025746","0.025061","0.42K","-0.03%"
"2018-10-26","0.025587","0.026072","0.026148","0.025280","0.71K","-1.86%"
"2018-10-25","0.026072","0.026285","0.026454","0.025868","0.55K","-0.81%"
"2018-10-24","0.026285","0.025660","0.026831","0.025607","0.58K","2.44%"
"2018-10-23","0.025660","0.025658","0.026124","0.025433","0.73K","0.01%"
"2018-10-22","0.025658","0.025809","0.026041","0.025353","0.35K","-0.58%"
"2018-10-21","0.025809","0.026119","0.026120","0.025525","0.44K","-1.19%"
"2018-10-20","0.026119","0.025421","0.026300","0.025168","1.01K","2.75%"
"2018-10-19","0.025421","0.025504","0.025655","0.025205","0.64K","-0.32%"
"2018-10-18","0.025504","0.025352","0.026557","0.025252","1.37K","0.60%"
"2018-10-17","0.025352","0.025165","0.025726","0.024902","0.70K","0.74%"
"2018-10-16","0.025165","0.024763","0.025582","0.024534","1.14K","1.62%"
"2018-10-15","0.024763","0.025650","0.025732","0.023967","2.15K","-3.46%"
"2018-10-14","0.025650","0.025274","0.026507","0.025053","1.69K","1.49%"
"2018-10-13","0.025274","0.024929","0.025449","0.024678","0.98K","1.38%"
"2018-10-12","0.024929","0.025653","0.025908","0.024546","1.70K","-2.82%"
"2018-10-11","0.025653","0.025738","0.027093","0.025279","2.25K","-0.33%"
"2018-10-10","0.025738","0.026004","0.026199","0.025351","0.79K","-1.02%"
"2018-10-9","0.026004","0.025456","0.026622","0.025456","2.87K","2.15%"
"2018-10-8","0.025456","0.025314","0.025804","0.025122","1.25K","0.56%"
"2018-10-7","0.025314","0.025663","0.027900","0.025275","1.72K","-1.36%"
"2018-10-6","0.025663","0.024893","0.026600","0.024536","1.29K","3.09%"
"2018-10-5","0.024893","0.025053","0.025271","0.024529","1.64K","-0.64%"
"2018-10-4","0.025053","0.025048","0.025731","0.024905","1.15K","0.02%"
"2018-10-3","0.025048","0.025811","0.025965","0.024857","2.72K","-2.96%"
"2018-10-2","0.025811","0.025501","0.026041","0.025202","1.12K","1.22%"
"2018-10-1","0.025501","0.025830","0.026139","0.025274","1.80K","-1.27%"
"2018-9-30","0.025830","0.026801","0.027199","0.025586","2.94K","-3.62%"
"2018-9-29","0.026801","0.031756","0.031921","0.026011","7.07K","-15.80%"
"2018-9-28","0.031832","0.024103","0.046326","0.023964","15.53K","32.31%"
"2018-9-27","0.024057","0.023780","0.024748","0.023387","2.76K","1.17%"
"2018-9-26","0.023780","0.023286","0.024498","0.023244","4.20K","2.31%"
"2018-9-25","0.023243","0.022643","0.023941","0.022630","6.64K","2.61%"
"2018-9-24","0.022652","0.022118","0.022895","0.021850","10.80K","2.41%"
"2018-9-23","0.022118","0.021749","0.022977","0.021568","26.04K","2.15%"
"2018-9-22","0.021653","0.022050","0.022685","0.021581","35.64K","-2.02%"
"2018-9-21","0.022098","0.023751","0.024521","0.021568","38.04K","-7.33%"
"2018-9-20","0.023846","0.023851","0.024820","0.023481","36.25K","-0.18%"
"2018-9-19","0.023889","0.023921","0.024303","0.023159","38.18K","-0.15%"
"2018-9-18","0.023925","0.024180","0.024830","0.023454","36.90K","-1.06%"
"2018-9-17","0.024180","0.024468","0.024928","0.023000","40.02K","-1.07%"
"2018-9-16","0.024442","0.025830","0.026907","0.023454","38.59K","-5.73%"
"2018-9-15","0.025927","0.026992","0.027236","0.025822","37.05K","-3.24%"
"2018-9-14","0.026796","0.027170","0.027492","0.026132","37.25K","-1.30%"
"2018-9-13","0.027147","0.030474","0.030968","0.027006","36.62K","-10.92%"
"2018-9-12","0.030474","0.030492","0.030975","0.029098","37.02K","-0.06%"
"2018-9-11","0.030492","0.030554","0.031067","0.029473","38.09K","-0.20%"
"2018-9-10","0.030554","0.032355","0.032385","0.029559","37.72K","-5.57%"
"2018-9-9","0.032355","0.031805","0.033484","0.031273","36.76K","1.43%"
"2018-9-8","0.031899","0.032036","0.032693","0.031363","37.03K","-0.43%"
"2018-9-7","0.032036","0.031723","0.032775","0.030447","36.25K","1.22%"
"2018-9-6","0.031651","0.029096","0.032173","0.028175","38.81K","8.12%"
"2018-9-5","0.029275","0.030466","0.030794","0.027330","40.23K","-3.81%"
"2018-9-4","0.030435","0.027956","0.031751","0.027422","39.01K","8.91%"
"2018-9-3","0.027944","0.025199","0.029096","0.025057","37.79K","12.01%"
"2018-9-2","0.024948","0.025699","0.026916","0.024536","36.79K","-2.85%"
"2018-9-1","0.025680","0.025093","0.026193","0.024536","37.18K","2.34%"
"2018-8-31","0.025092","0.023319","0.025720","0.023275","36.93K","7.38%"
"2018-8-30","0.023367","0.023591","0.023865","0.022577","37.35K","-0.98%"
"2018-8-29","0.023599","0.025525","0.025592","0.022713","38.21K","-7.64%"
"2018-8-28","0.025552","0.024240","0.026984","0.023593","39.26K","4.89%"
"2018-8-27","0.024361","0.020947","0.025389","0.020516","38.96K","16.20%"
"2018-8-26","0.020965","0.020196","0.020988","0.019358","37.40K","3.62%"
"2018-8-25","0.020234","0.020188","0.020324","0.019104","36.90K","0.27%"
"2018-8-24","0.020179","0.020252","0.022733","0.019288","39.87K","-0.60%"
"2018-8-23","0.020302","0.017428","0.020871","0.016572","38.96K","17.00%"
"2018-8-22","0.017352","0.017849","0.018480","0.016888","36.34K","-2.79%"
"2018-8-21","0.017849","0.017774","0.018124","0.017538","36.26K","0.01%"
"2018-8-20","0.017847","0.018236","0.018725","0.017655","37.76K","-2.13%"
"2018-8-19","0.018236","0.017445","0.018504","0.017174","36.20K","4.82%"
"2018-8-18","0.017397","0.018308","0.018732","0.016621","39.31K","-5.04%"
"2018-8-17","0.018321","0.014634","0.018961","0.014518","39.86K","25.05%"
"2018-8-16","0.014651","0.014381","0.015507","0.014352","39.49K","1.87%"
"2018-8-15","0.014381","0.014983","0.015241","0.013802","40.55K","-4.39%"
"2018-8-14","0.015041","0.014402","0.015273","0.014094","39.46K","4.24%"
"2018-8-13","0.014429","0.015621","0.015837","0.014352","36.65K","-7.60%"
"2018-8-12","0.015616","0.015632","0.016057","0.015331","36.89K","0.12%"
"2018-8-11","0.015597","0.017675","0.017798","0.015237","40.35K","-11.70%"
"2018-8-10","0.017663","0.017859","0.018204","0.017020","38.68K","-2.13%"
"2018-8-9","0.018047","0.018256","0.018447","0.017435","39.07K","-1.06%"
"2018-8-8","0.018241","0.019917","0.019919","0.017965","36.61K","-8.41%"
"2018-8-7","0.019917","0.019252","0.020541","0.019219","35.78K","3.53%"
"2018-8-6","0.019238","0.019980","0.020364","0.019193","35.06K","-3.71%"
"2018-8-5","0.019980","0.019726","0.020101","0.019366","34.99K","1.29%"
"2018-8-4","0.019726","0.020011","0.020510","0.019656","36.11K","-1.57%"
"2018-8-3","0.020040","0.020758","0.020857","0.019711","34.92K","-3.46%"
"2018-8-2","0.020758","0.021309","0.021366","0.020504","34.08K","-2.59%"
"2018-8-1","0.021309","0.020954","0.021472","0.020741","34.58K","1.69%"
"2018-7-31","0.020954","0.021779","0.021945","0.020929","35.38K","-3.79%"
"2018-7-30","0.021779","0.021903","0.022018","0.021119","35.65K","-0.88%"
"2018-7-29","0.021972","0.022185","0.022218","0.021700","36.87K","-0.96%"
"2018-7-28","0.022185","0.021869","0.022359","0.021650","36.49K","1.92%"
"2018-7-27","0.021768","0.021410","0.021889","0.021127","35.68K","1.48%"
"2018-7-26","0.021451","0.022393","0.022484","0.021314","36.75K","-4.21%"
"2018-7-25","0.022393","0.022420","0.023230","0.022090","37.45K","0.13%"
"2018-7-24","0.022365","0.022877","0.022958","0.021984","34.05K","-2.06%"
"2018-7-23","0.022837","0.023654","0.023874","0.022515","35.98K","-3.46%"
"2018-7-22","0.023654","0.023979","0.024158","0.023548","36.04K","-1.35%"
"2018-7-21","0.023979","0.023650","0.024021","0.022639","36.83K","1.39%"
"2018-7-20","0.023650","0.025132","0.025267","0.022970","36.42K","-6.11%"
"2018-7-19","0.025190","0.025864","0.026032","0.025056","35.52K","-2.59%"
"2018-7-18","0.025859","0.025210","0.026591","0.025058","35.78K","2.39%"
"2018-7-17","0.025255","0.024607","0.025553","0.024394","35.48K","2.58%"
"2018-7-16","0.024621","0.024455","0.025046","0.023811","35.96K","0.88%"
"2018-7-15","0.024407","0.024572","0.024650","0.023893","31.44K","-0.67%"
"2018-7-14","0.024572","0.025872","0.025884","0.023739","28.14K","-4.62%"
"2018-7-13","0.025763","0.023700","0.026347","0.023690","37.25K","8.70%"
"2018-7-12","0.023701","0.024147","0.024451","0.023244","36.24K","-1.42%"
"2018-7-11","0.024044","0.025749","0.026521","0.022893","37.25K","-6.62%"
"2018-7-10","0.025749","0.026208","0.026354","0.025354","37.58K","-2.13%"
"2018-7-9","0.026310","0.028435","0.028480","0.026066","37.17K","-7.30%"
"2018-7-8","0.028381","0.027286","0.029347","0.027286","37.19K","3.81%"
"2018-7-7","0.027339","0.027972","0.028658","0.027246","36.24K","-1.87%"
"2018-7-6","0.027859","0.029702","0.029784","0.027737","37.50K","-6.09%"
"2018-7-5","0.029666","0.029537","0.034460","0.028919","45.05K","2.17%"
"2018-7-4","0.029036","0.024974","0.031269","0.024383","42.66K","16.06%"
"2018-7-3","0.025017","0.024134","0.033195","0.023841","41.22K","3.66%"
"2018-7-2","0.024134","0.022573","0.024990","0.022566","37.55K","6.39%"
"2018-7-1","0.022684","0.022036","0.022684","0.021579","36.30K","2.94%"
"2018-6-30","0.022036","0.022280","0.022651","0.021896","36.80K","-1.10%"
"2018-6-29","0.022280","0.021964","0.022483","0.021365","37.13K","1.44%"
"2018-6-28","0.021964","0.022471","0.022827","0.021962","35.34K","-2.25%"
"2018-6-27","0.022471","0.023289","0.023317","0.021373","36.89K","-3.45%"
"2018-6-26","0.023273","0.023192","0.023303","0.021757","39.20K","0.03%"
"2018-6-25","0.023267","0.022968","0.023545","0.022830","36.73K","1.18%"
"2018-6-24","0.022996","0.024593","0.024665","0.022560","37.80K","-6.32%"
"2018-6-23","0.024549","0.023960","0.024824","0.023870","36.62K","2.52%"
"2018-6-22","0.023945","0.024998","0.025121","0.023579","36.47K","-4.08%"
"2018-6-21","0.024963","0.025399","0.025656","0.024316","35.29K","-1.72%"
"2018-6-20","0.025399","0.026190","0.026272","0.025068","36.22K","-2.98%"
"2018-6-19","0.026180","0.026672","0.027238","0.025664","36.14K","-1.93%"
"2018-6-18","0.026696","0.026895","0.027153","0.026132","35.52K","-0.62%"
"2018-6-17","0.026862","0.027244","0.027275","0.026131","35.93K","-1.55%"
"2018-6-16","0.027285","0.027181","0.027568","0.025977","37.39K","0.39%"
"2018-6-15","0.027181","0.027865","0.027895","0.026930","36.64K","-2.46%"
"2018-6-14","0.027865","0.027923","0.029005","0.027012","38.11K","-0.21%"
"2018-6-13","0.027923","0.028841","0.029619","0.026429","36.27K","-3.18%"
"2018-6-12","0.028841","0.028911","0.029941","0.028777","36.27K","-0.24%"
"2018-6-11","0.028911","0.029767","0.029888","0.028495","37.26K","-2.61%"
"2018-6-10","0.029686","0.030849","0.031265","0.029450","36.46K","-3.80%"
"2018-6-9","0.030859","0.031624","0.031728","0.030656","35.34K","-2.30%"
"2018-6-8","0.031586","0.032361","0.032403","0.031460","36.19K","-2.40%"
"2018-6-7","0.032361","0.032906","0.034556","0.032031","35.99K","-1.66%"
"2018-6-6","0.032906","0.032195","0.033277","0.031798","37.29K","2.21%"
"2018-6-5","0.032195","0.032529","0.033089","0.031271","37.08K","-1.17%"
"2018-6-4","0.032574","0.034340","0.034509","0.032473","36.55K","-5.14%"
"2018-6-3","0.034340","0.035377","0.035551","0.033990","35.63K","-3.28%"
"2018-6-2","0.035504","0.035409","0.036208","0.034897","35.32K","0.37%"
"2018-6-1","0.035372","0.035833","0.036002","0.034985","37.18K","-1.35%"
"2018-5-31","0.035858","0.033854","0.037755","0.033306","37.99K","6.38%"
"2018-5-30","0.033706","0.033241","0.034689","0.032437","40.95K","1.29%"
"2018-5-29","0.033277","0.033990","0.034202","0.032625","37.52K","-2.10%"
"2018-5-28","0.033990","0.032129","0.034075","0.031802","37.23K","5.75%"
"2018-5-27","0.032140","0.031866","0.033000","0.031374","36.51K","0.45%"
"2018-5-26","0.031996","0.032139","0.032207","0.031272","36.50K","-0.45%"
"2018-5-25","0.032139","0.032657","0.033290","0.032030","36.53K","-1.59%"
"2018-5-24","0.032659","0.032255","0.034111","0.031570","40.79K","1.25%"
"2018-5-23","0.032255","0.033099","0.033389","0.031189","38.16K","-2.35%"
"2018-5-22","0.033032","0.033961","0.033996","0.032156","36.09K","-2.74%"
"2018-5-21","0.033961","0.033587","0.034347","0.033305","35.88K","1.26%"
"2018-5-20","0.033538","0.032429","0.033694","0.032233","35.91K","3.36%"
"2018-5-19","0.032448","0.032734","0.033286","0.031747","35.32K","-1.06%"
"2018-5-18","0.032795","0.032390","0.033284","0.032027","35.76K","1.42%"
"2018-5-17","0.032335","0.033699","0.039391","0.032223","37.19K","-3.61%"
"2018-5-16","0.033545","0.034168","0.034718","0.033113","35.23K","-1.82%"
"2018-5-15","0.034168","0.035949","0.036857","0.033916","36.58K","-4.72%"
"2018-5-14","0.035861","0.036333","0.037187","0.035055","38.17K","-1.17%"
"2018-5-13","0.036286","0.037019","0.037526","0.036017","36.05K","-1.94%"
"2018-5-12","0.037004","0.038004","0.038877","0.035560","37.08K","-2.99%"
"2018-5-11","0.038146","0.040367","0.040399","0.036350","38.47K","-5.50%"
"2018-5-10","0.040367","0.041644","0.041917","0.039991","36.58K","-2.74%"
"2018-5-9","0.041505","0.043434","0.044910","0.041505","37.48K","-4.14%"
"2018-5-8","0.043296","0.044354","0.045659","0.042322","37.48K","-2.18%"
"2018-5-7","0.044258","0.041458","0.047152","0.040478","17.51K","6.75%"
"2018-5-6","0.041458","0.039763","0.041458","0.038300","0.04K","4.26%"
"2018-5-5","0.039763","0.041847","0.042185","0.038798","0.10K","-4.98%"
"2018-5-4","0.041847","0.044210","0.049136","0.041351","0.52K","-4.84%"
"2018-5-3","0.043974","0.043628","0.045339","0.040940","0.07K","0.79%"
"2018-5-2","0.043628","0.044343","0.045010","0.041667","0.18K","-1.61%"
"2018-5-1","0.044343","0.044576","0.044576","0.042260","0.01K","-0.52%"
"2018-4-30","0.044576","0.045867","0.048048","0.043902","0.14K","-2.71%"
"2018-4-29","0.045818","0.040402","0.046007","0.040402","0.13K","13.41%"
"2018-4-28","0.040402","0.039480","0.040650","0.039480","0.00K","2.33%"
"2018-4-27","0.039480","0.042489","0.042489","0.039480","0.04K","-7.08%"
"2018-4-26","0.042489","0.042460","0.042601","0.040670","0.03K","0.07%"
"2018-4-25","0.042460","0.042530","0.043815","0.039651","0.08K","-0.16%"
"2018-4-24","0.042530","0.044000","0.045100","0.041798","0.03K","-3.34%"
"2018-4-23","0.044000","0.041950","0.045094","0.041592","0.18K","4.89%"
"2018-4-22","0.041950","0.038876","0.043225","0.038876","0.09K","7.91%"
"2018-4-21","0.038876","0.041755","0.045000","0.038876","0.23K","-6.90%"
"2018-4-20","0.041755","0.042068","0.042860","0.039482","0.16K","-0.74%"
"2018-4-19","0.042068","0.041545","0.042068","0.039442","0.12K","1.26%"
"2018-4-18","0.041545","0.038027","0.041545","0.038027","0.03K","9.25%"
"2018-4-17","0.038027","0.037973","0.039079","0.037973","0.00K","0.14%"
"2018-4-16","0.037973","0.038504","0.039177","0.037973","0.11K","-1.38%"
"2018-4-15","0.038504","0.038114","0.038651","0.038022","0.04K","1.02%"
"2018-4-14","0.038114","0.036359","0.038114","0.036000","0.03K","4.83%"
"2018-4-13","0.036359","0.038983","0.039861","0.036359","0.01K","-6.73%"
"2018-4-12","0.038983","0.040004","0.040004","0.038229","0.03K","-2.55%"
"2018-4-11","0.040004","0.037424","0.040004","0.037424","0.01K","6.89%"
"2018-4-10","0.037424","0.037561","0.037853","0.037424","0.03K","-0.36%"
"2018-4-9","0.037561","0.037228","0.043000","0.036785","0.05K","0.89%"
"2018-4-8","0.037228","0.037785","0.038328","0.037228","","-1.47%"
"2018-4-7","0.037785","0.040930","0.040930","0.037785","0.02K","-7.68%"
"2018-4-6","0.040930","0.040298","0.040930","0.039084","0.01K","1.57%"
"2018-4-5","0.040298","0.040321","0.040930","0.039085","0.00K","-0.06%"
"2018-4-4","0.040321","0.042092","0.042092","0.040321","0.00K","-4.21%"
"2018-4-3","0.042092","0.040815","0.043438","0.040501","0.00K","3.13%"
"2018-4-2","0.040815","0.040167","0.040815","0.040008","0.01K","1.61%"
"2018-4-1","0.040167","0.039861","0.040167","0.039340","0.01K","0.77%"
"2018-3-31","0.039861","0.040313","0.041635","0.039563","0.06K","-1.12%"
"2018-3-30","0.040313","0.041695","0.041951","0.040006","0.08K","-3.31%"
"2018-3-29","0.041695","0.042085","0.042739","0.040380","0.17K","-0.93%"
"2018-3-28","0.042085","0.041638","0.042085","0.041348","0.01K","1.07%"
"2018-3-27","0.041638","0.040490","0.042485","0.040221","0.02K","2.84%"
"2018-3-26","0.040490","0.042743","0.043651","0.039956","0.03K","-5.27%"
"2018-3-25","0.042743","0.041668","0.042743","0.040292","0.02K","2.58%"
"2018-3-24","0.041668","0.042435","0.042743","0.041086","0.07K","-1.81%"
"2018-3-23","0.042435","0.040951","0.050087","0.040292","0.07K","3.62%"
"2018-3-22","0.040951","0.042257","0.042257","0.040951","0.01K","-3.09%"
"2018-3-21","0.042257","0.043404","0.046180","0.041375","0.52K","-2.64%"
"2018-3-20","0.043404","0.037481","0.045704","0.037481","0.19K","15.80%"
"2018-3-19","0.037481","0.034277","0.037481","0.034277","0.02K","9.35%"
"2018-3-18","0.034277","0.032344","0.038571","0.032134","0.01K","5.98%"
"2018-3-17","0.032344","0.035816","0.035816","0.032344","0.04K","-9.69%"
"2018-3-16","0.035816","0.032809","0.035817","0.031554","0.08K","9.16%"
"2018-3-15","0.032809","0.035297","0.035297","0.031510","0.04K","-7.05%"
"2018-3-14","0.035297","0.035818","0.035818","0.032772","0.03K","-1.46%"
"2018-3-13","0.035818","0.034729","0.036424","0.034729","0.02K","3.14%"
"2018-3-12","0.034729","0.037696","0.037696","0.034729","0.02K","-7.87%"
"2018-3-11","0.037696","0.036121","0.037696","0.035903","0.07K","4.36%"
"2018-3-10","0.036121","0.036666","0.043000","0.036113","0.05K","-1.49%"
"2018-3-9","0.036666","0.036665","0.042500","0.033604","0.27K","0.00%"
"2018-3-8","0.036665","0.037610","0.038456","0.035264","0.08K","-2.51%"
"2018-3-7","0.037610","0.037825","0.042581","0.029530","0.53K","-0.57%"
"2018-3-6","0.037825","0.040810","0.040810","0.037781","0.05K","-7.31%"
"2018-3-5","0.040810","0.042304","0.042581","0.039166","0.08K","-3.53%"
"2018-3-4","0.042304","0.043694","0.046300","0.042304","0.04K","-3.18%"
"2018-3-3","0.043694","0.046725","0.046725","0.043694","0.14K","-6.49%"
"2018-3-2","0.046725","0.046073","0.047114","0.045315","0.03K","1.41%"
"2018-3-1","0.046073","0.044193","0.049545","0.044193","0.07K","4.25%"
"2018-2-28","0.044193","0.049734","0.049734","0.044193","0.01K","-11.14%"
"2018-2-27","0.049734","0.049550","0.051560","0.048015","0.05K","0.37%"
"2018-2-26","0.049550","0.044543","0.050746","0.043786","0.06K","11.24%"
"2018-2-25","0.044543","0.046353","0.046800","0.043860","0.03K","-3.90%"
"2018-2-24","0.046353","0.045715","0.046828","0.045518","0.02K","1.40%"
"2018-2-23","0.045715","0.046985","0.047470","0.045715","0.00K","-2.70%"
"2018-2-22","0.046985","0.049064","0.049530","0.046885","0.03K","-4.24%"
"2018-2-21","0.049064","0.050746","0.050746","0.048175","0.04K","-3.31%"
"2018-2-20","0.050746","0.050966","0.052165","0.049227","0.01K","-0.43%"
"2018-2-19","0.050966","0.049801","0.050966","0.049227","0.03K","2.34%"
"2018-2-18","0.049801","0.050264","0.050953","0.048381","0.10K","-0.92%"
"2018-2-17","0.050264","0.049123","0.050946","0.049123","0.01K","2.32%"
"2018-2-16","0.049123","0.047738","0.055000","0.047552","0.02K","2.90%"
"2018-2-15","0.047738","0.046683","0.050854","0.046051","0.05K","2.26%"
"2018-2-14","0.046683","0.046309","0.048003","0.044969","0.06K","0.81%"
"2018-2-13","0.046309","0.045208","0.047734","0.045129","0.15K","2.04%"
"2018-2-12","0.045385","0.047950","0.048083","0.045385","0.06K","-5.35%"
"2018-2-11","0.047950","0.047216","0.048134","0.046000","0.02K","1.55%"
"2018-2-10","0.047216","0.050173","0.050173","0.047216","0.09K","-5.89%"
"2018-2-9","0.050173","0.051546","0.052604","0.048860","0.03K","-2.66%"
"2018-2-8","0.051546","0.049285","0.052456","0.049285","0.01K","4.59%"
"2018-2-7","0.049285","0.051605","0.053000","0.048591","0.13K","-4.50%"
"2018-2-6","0.051605","0.044664","0.053000","0.042885","0.18K","15.54%"
"2018-2-5","0.044664","0.051082","0.051082","0.043000","0.14K","-12.56%"
"2018-2-4","0.051082","0.053225","0.053225","0.048417","0.11K","-4.03%"
"2018-2-3","0.053225","0.050748","0.053225","0.049000","0.03K","4.88%"
"2018-2-2","0.050748","0.049791","0.061000","0.046160","1.69K","1.92%"
"2018-2-1","0.049791","0.052769","0.052769","0.043000","0.17K","-5.64%"
"2018-1-31","0.052769","0.054708","0.057345","0.051162","0.24K","-4.81%"
"2018-1-30","0.055435","0.058857","0.082012","0.053044","0.53K","-5.81%"
"2018-1-29","0.058857","0.042555","0.061236","0.042555","0.35K","38.31%"
"2018-1-28","0.042555","0.044835","0.044841","0.032000","0.08K","-5.08%"
"2018-1-27","0.044835","0.047248","0.047248","0.044657","0.19K","-5.11%"
"2018-1-26","0.047248","0.046235","0.048085","0.041660","0.17K","2.19%"
"2018-1-25","0.046235","0.047082","0.055710","0.041660","0.15K","-1.80%"
"2018-1-24","0.047082","0.045939","0.055710","0.041646","0.26K","2.49%"
"2018-1-23","0.045939","0.044888","0.049398","0.043421","0.07K","2.34%"
"2018-1-22","0.044888","0.047060","0.049398","0.041645","0.76K","-4.62%"
"2018-1-21","0.047060","0.053049","0.053200","0.043245","0.11K","-11.29%"
"2018-1-20","0.053049","0.052589","0.054277","0.050384","0.06K","0.87%"
"2018-1-19","0.052589","0.056103","0.067840","0.043245","0.54K","-6.26%"
"2018-1-18","0.056103","0.057632","0.080000","0.055000","0.30K","-2.65%"
"2018-1-17","0.057632","0.058377","0.063000","0.049514","0.70K","-3.14%"
"2018-1-16","0.059503","0.066711","0.099000","0.049675","0.66K","-10.81%"
"2018-1-15","0.066711","0.058071","0.080000","0.051077","0.61K","14.88%"
"2018-1-14","0.058071","0.044472","0.090000","0.041645","0.28K","30.58%"
"2018-1-13","0.044472","0.042612","0.048021","0.037880","0.15K","4.36%"
"2018-1-12","0.042612","0.041447","0.043027","0.040840","0.07K","2.81%"
"2018-1-11","0.041447","0.044853","0.044853","0.039016","0.14K","-7.59%"